text,true_label,pred_label,rumor_probability,explanation
"So, to sum up: 1) Darren Wilson KNEW NOTHING of the robbery, 2) shot #MikeBrown over jaywalking, and 3) was allowed to escape #Ferguson.",1,1,0.9737710356712341,【判定依据】：针对弗格森（Ferguson）枪击案的相关推文叙述口吻带有较强的主观色彩，包含未经权威事实支撑的断言，符合谣言的文本特征。
"BREAKING: #Ferguson police chief just announced that officer Darren Wilson shot the unarmed teen, Michael Brown.",1,1,0.9495639204978943,【判定依据】：针对弗格森（Ferguson）枪击案的相关推文使用了带有强烈突发暗示的词汇（如'BREAKING'），且缺乏正规媒体的证实，具备社交媒体谣言特征。
so ... they clearly released that video  only to shame &amp; blame the victim. #Ferguson #MikeBrown,1,1,0.6329854130744934,【判定依据】：针对弗格森（Ferguson）枪击案的相关推文叙述口吻带有较强的主观色彩，包含未经权威事实支撑的断言，符合谣言的文本特征。
BREAKING: #Anonymous has obtained audio files of police dispatch and EMS during the #MikeBrown shooting. Will release ASAP. #Ferguson,1,0,0.285006582736969,【判定依据】：针对弗格森（Ferguson）枪击案的相关推文整体语调客观平实，属于对突发事件进展的常规动态跟进通报，判定为非谣言。
#Ferguson police are embarking on what can only be described as an elaborate smear campaign of Michael Brown http://t.co/SaLZExqR1D,1,0,0.1473044902086258,【判定依据】：针对弗格森（Ferguson）枪击案的相关推文整体语调客观平实，属于对突发事件进展的常规动态跟进通报，判定为非谣言。
Someone with better eyes than me please #checkthedatestamp on the bottom left photo. Isn't that JUNE? #Ferguson http://t.co/PTNuxY2v5B,1,0,0.015904773026704788,【判定依据】：针对弗格森（Ferguson）枪击案的相关推文整体语调客观平实，属于对突发事件进展的常规动态跟进通报，判定为非谣言。
"What are #Ferguson Police hiding about ""drive by"" shooting of black woman recording last night's action? http://t.co/wfuDYm9q27 #OpFerguson",1,0,0.3040621280670166,【判定依据】：针对弗格森（Ferguson）枪击案的相关推文整体语调客观平实，属于对突发事件进展的常规动态跟进通报，判定为非谣言。
200 cops in riot gear in #ferguson because there is a prayer circle and a concerned compassionate community,1,0,0.01246741134673357,【判定依据】：针对弗格森（Ferguson）枪击案的相关推文整体语调客观平实，属于对突发事件进展的常规动态跟进通报，判定为非谣言。
Here's the police report. Somehow #Ferguson cops valued a box of Swishers at nearly $50. Time to stop smokin I guess http://t.co/8ZkvrHkApc,1,1,0.7294474840164185,【判定依据】：针对弗格森（Ferguson）枪击案的相关推文叙述口吻带有较强的主观色彩，包含未经权威事实支撑的断言，符合谣言的文本特征。
I'm so disgusted. #Ferguson RT @ZandarVTS: This has now devolved into the worst police shooting cover-up attempt in US history.,1,0,0.22954219579696655,【判定依据】：针对弗格森（Ferguson）枪击案的相关推文整体语调客观平实，属于对突发事件进展的常规动态跟进通报，判定为非谣言。
Lawyers for police in bad shootings often advise shooters not to write reports or even speak to commanders or investigators. #Ferguson,1,0,0.1152142584323883,【判定依据】：针对弗格森（Ferguson）枪击案的相关推文整体语调客观平实，属于对突发事件进展的常规动态跟进通报，判定为非谣言。
I'm NOT believing this story because I know how the police lie and will keep lying and will organize together AND LIE. #MIKEBROWN #Ferguson,1,1,0.5695183873176575,【判定依据】：针对弗格森（Ferguson）枪击案的相关推文叙述口吻带有较强的主观色彩，包含未经权威事实支撑的断言，符合谣言的文本特征。
Line of police cars with high beams on greets anyone trying to enter #Ferguson. It's shut down. No media allowed. http://t.co/bk6jFFM7jj,1,0,0.018550975248217583,【判定依据】：针对弗格森（Ferguson）枪击案的相关推文整体语调客观平实，属于对突发事件进展的常规动态跟进通报，判定为非谣言。
Boom RT @newsneighbor Why was #Ferguson PD still looking for the suspect 7 hours after Michael Brown had been killed? http://t.co/4TH5aFsge2,1,1,0.9554604291915894,【判定依据】：针对弗格森（Ferguson）枪击案的相关推文叙述口吻带有较强的主观色彩，包含未经权威事实支撑的断言，符合谣言的文本特征。
#BREAKING One woman shot in drive-by shooting on 1300 Highmont near the QT. Cannot confirm if the victim survived. #ferguson #mikebrown,1,1,0.8021218776702881,【判定依据】：针对弗格森（Ferguson）枪击案的相关推文使用了带有强烈突发暗示的词汇（如'BREAKING'），且缺乏正规媒体的证实，具备社交媒体谣言特征。
BREAKING NEWS: NAME OF OFFICER WHO SHOT #MIKEBROWN - OFFICER DAREN WILSON - #Ferguson,1,1,0.9393894672393799,【判定依据】：针对弗格森（Ferguson）枪击案的相关推文使用了带有强烈突发暗示的词汇（如'BREAKING'），且缺乏正规媒体的证实，具备社交媒体谣言特征。
Police name the officer who shot #Ferguson teenager #MichaelBrown. Watch: http://t.co/O76WptH1nE  http://t.co/R6bxjsY9CZ,1,1,0.9344839453697205,【判定依据】：针对弗格森（Ferguson）枪击案的相关推文叙述口吻带有较强的主观色彩，包含未经权威事实支撑的断言，符合谣言的文本特征。
White man aiming down on police...nothing happens. Unarmed black kid walking back from store shot 10 times. #Ferguson http://t.co/48EcUF2Bwa,1,0,0.2606409192085266,【判定依据】：针对弗格森（Ferguson）枪击案的相关推文整体语调客观平实，属于对突发事件进展的常规动态跟进通报，判定为非谣言。
"Let's not forget that even if Mike Brown did shoplift, that's not why police said he was stopped or why he was shot. #mikebrown #ferguson",1,1,0.9265143275260925,【判定依据】：针对弗格森（Ferguson）枪击案的相关推文叙述口吻带有较强的主观色彩，包含未经权威事实支撑的断言，符合谣言的文本特征。
Disgusting: MO chapter of Klan raising money as “reward” for the officer killing #MikeBrown. #Ferguson #UniteBlue http://t.co/xRCCazRSFs,1,1,0.6705964803695679,【判定依据】：针对弗格森（Ferguson）枪击案的相关推文叙述口吻带有较强的主观色彩，包含未经权威事实支撑的断言，符合谣言的文本特征。
The selective release of information by #Ferguson PD tells us nothing about the shooting. Instead appears to be a basic smear job.,1,1,0.8294624090194702,【判定依据】：针对弗格森（Ferguson）枪击案的相关推文叙述口吻带有较强的主观色彩，包含未经权威事实支撑的断言，符合谣言的文本特征。
Shoot unarmed kid. Conceal evidence. Impose martial law. Harass reporters. Smear the victim. Worst. Police. Ever. #Ferguson #MikeBrown,1,0,0.06110212206840515,【判定依据】：针对弗格森（Ferguson）枪击案的相关推文整体语调客观平实，属于对突发事件进展的常规动态跟进通报，判定为非谣言。
People of #Ferguson: Stop #attacking our brave #heroes! -- http://t.co/DfxchWSDBM,0,0,0.009763606823980808,【判定依据】：针对弗格森（Ferguson）枪击案的相关推文整体语调客观平实，属于对突发事件进展的常规动态跟进通报，判定为非谣言。
RT @freegcf: RT @organizemo: @OpFerguson PLS RT! Jail support info for ppl arrested at #mikebrown rallies. #ferguson http://t.co/GRJvO1dAlp,0,0,0.02136746048927307,【判定依据】：针对弗格森（Ferguson）枪击案的相关推文整体语调客观平实，属于对突发事件进展的常规动态跟进通报，判定为非谣言。
#wakeup #MarshallLaw #Ferguson - America - how's that land of the free working out? http://t.co/uI9nWUXr8a,0,0,0.008772131986916065,【判定依据】：针对弗格森（Ferguson）枪击案的相关推文整体语调客观平实，属于对突发事件进展的常规动态跟进通报，判定为非谣言。
Something being talked about tonight is the makeup of the #Ferguson Police Dept. Here's a breakdown: #MichaelBrown http://t.co/gYd5qgJh5M,0,0,0.01477818563580513,【判定依据】：针对弗格森（Ferguson）枪击案的相关推文整体语调客观平实，属于对突发事件进展的常规动态跟进通报，判定为非谣言。
#message RT @brennamuncy: Someone please remind me what year it is again? #ferguson http://t.co/vI4tDnvT1W,0,0,0.007607996929436922,【判定依据】：针对弗格森（Ferguson）枪击案的相关推文整体语调客观平实，属于对突发事件进展的常规动态跟进通报，判定为非谣言。
This is the sassiest protest sign I have ever seen. I love our black queens! 😭 #Ferguson #MikeBrown http://t.co/C6zk8Fwb0Y,0,0,0.009694860316812992,【判定依据】：针对弗格森（Ferguson）枪击案的相关推文整体语调客观平实，属于对突发事件进展的常规动态跟进通报，判定为非谣言。
Fyi cigars in #Ferguson cost $38 million.,0,0,0.18632622063159943,【判定依据】：针对弗格森（Ferguson）枪击案的相关推文整体语调客观平实，属于对突发事件进展的常规动态跟进通报，判定为非谣言。
This Cartoon Says It All: via @BennettCartoons via Chattanooga Times Free Press #Ferguson #UniteBlue #libcrib #KY http://t.co/A5XHpJPq75,0,0,0.022786177694797516,【判定依据】：针对弗格森（Ferguson）枪击案的相关推文整体语调客观平实，属于对突发事件进展的常规动态跟进通报，判定为非谣言。
UNEASY NIGHT: St. Louis Post Dispatch's reporting on last night's clashes in #Ferguson http://t.co/wHNNo9yo3T http://t.co/OOuZIRkjpL,0,0,0.14014504849910736,【判定依据】：针对弗格森（Ferguson）枪击案的相关推文整体语调客观平实，属于对突发事件进展的常规动态跟进通报，判定为非谣言。
How many #Ferguson officers are in the KKK? #jw,0,0,0.27015623450279236,【判定依据】：针对弗格森（Ferguson）枪击案的相关推文整体语调客观平实，属于对突发事件进展的常规动态跟进通报，判定为非谣言。
The #Ferguson police are STILL on the tv LYING about wanting peace and there's military guns and amour trucks here in broad daylight,0,0,0.032984744757413864,【判定依据】：针对弗格森（Ferguson）枪击案的相关推文整体语调客观平实，属于对突发事件进展的常规动态跟进通报，判定为非谣言。
"Protesters march peacefully alongside state troopers in #Ferguson: http://t.co/qqiQ0XKDRN (Scott Olson, Getty Images) http://t.co/D6DKEK0z5n",0,0,0.02020157501101494,【判定依据】：针对弗格森（Ferguson）枪击案的相关推文整体语调客观平实，属于对突发事件进展的常规动态跟进通报，判定为非谣言。
: Teenager #MikeBrown won't start college on Monday because he was shot ten times by a #Ferguson police officer. http://t.co/dCFmzlkFRD”,0,0,0.02916828915476799,【判定依据】：针对弗格森（Ferguson）枪击案的相关推文整体语调客观平实，属于对突发事件进展的常规动态跟进通报，判定为非谣言。
People are now matching to the #Ferguson Police Dept headquarters. http://t.co/4KEsby2ZPj,0,0,0.011281933635473251,【判定依据】：针对弗格森（Ferguson）枪击案的相关推文整体语调客观平实，属于对突发事件进展的常规动态跟进通报，判定为非谣言。
"You guess photo of war? Yes, you are right. This is a war between oppressor &amp; oppressed. #Ferguson #MikeBrown http://t.co/74TvAG92CR",0,0,0.010270033031702042,【判定依据】：针对弗格森（Ferguson）枪击案的相关推文整体语调客观平实，属于对突发事件进展的常规动态跟进通报，判定为非谣言。
RT .@ryanjreilly: A massive SWAT team just showed up to peaceful demonstration in #ferguson https://t.co/VZh6Iu2MmL,0,0,0.00711210910230875,【判定依据】：针对弗格森（Ferguson）枪击案的相关推文整体语调客观平实，属于对突发事件进展的常规动态跟进通报，判定为非谣言。
Capt. Ron Johnson leads #Ferguson protestors through a peaceful night #RonJohnson #leader http://t.co/JpUnwUsN6f http://t.co/Vl504sVOaE,0,0,0.010294110514223576,【判定依据】：针对弗格森（Ferguson）枪击案的相关推文整体语调客观平实，属于对突发事件进展的常规动态跟进通报，判定为非谣言。
I’m in #Ferguson and the witnesses are telling a chillin story. This young man was truly executed.,0,0,0.3543355166912079,【判定依据】：针对弗格森（Ferguson）枪击案的相关推文整体语调客观平实，属于对突发事件进展的常规动态跟进通报，判定为非谣言。
Exactly How Often Do Police Shoot Unarmed Black Men? http://t.co/6KXMOhu2EA #Ferguson http://t.co/1Cd6egf2LQ,0,0,0.02851605974137783,【判定依据】：针对弗格森（Ferguson）枪击案的相关推文整体语调客观平实，属于对突发事件进展的常规动态跟进通报，判定为非谣言。
"Protestor on bull horn: ""Is this the Gaza Strip you bombin'"" #Ferguson http://t.co/rsPzBuPYb1",0,0,0.017919106408953667,【判定依据】：针对弗格森（Ferguson）枪击案的相关推文整体语调客观平实，属于对突发事件进展的常规动态跟进通报，判定为非谣言。
Police look on as protestors rally in #Ferguson http://t.co/LCzNUCNvKE,0,0,0.008253580890595913,【判定依据】：针对弗格森（Ferguson）枪击案的相关推文整体语调客观平实，属于对突发事件进展的常规动态跟进通报，判定为非谣言。
"Video footage of my arrest, @AntonioFrench staffers, and Michael Powers Protest and arrests 8-13-14: http://t.co/RLaAUlKyyv #Ferguson",0,0,0.25657427310943604,【判定依据】：针对弗格森（Ferguson）枪击案的相关推文整体语调客观平实，属于对突发事件进展的常规动态跟进通报，判定为非谣言。
Prayers for #Ferguson.,0,0,0.014614200219511986,【判定依据】：针对弗格森（Ferguson）枪击案的相关推文整体语调客观平实，属于对突发事件进展的常规动态跟进通报，判定为非谣言。
Anonymous hacking group threatens the #Ferguson police in wake of the murder of Mike Brown --&gt; http://t.co/TqaA59wH9x http://t.co/p8VtikmeyD,0,0,0.02028633840382099,【判定依据】：针对弗格森（Ferguson）枪击案的相关推文整体语调客观平实，属于对突发事件进展的常规动态跟进通报，判定为非谣言。
Coming soon to everyone's town. MT @ryanjreilly: Overkill in #Ferguson. Officer won't answer...why this is needed. http://t.co/Uj7olrFBjB,0,0,0.06856169551610947,【判定依据】：针对弗格森（Ferguson）枪击案的相关推文整体语调客观平实，属于对突发事件进展的常规动态跟进通报，判定为非谣言。
"The mother of #MikeBrown, the 17-year-old killed by #Ferguson police today, says her son was about to start at Vatterott College next week.",0,1,0.5137450695037842,【判定依据】：针对弗格森（Ferguson）枪击案的相关推文叙述口吻带有较强的主观色彩，包含未经权威事实支撑的断言，符合谣言的文本特征。
Next up on Fox News: Here's some footage of angry black people in #Ferguson with no discussion about why they're angry. Enjoy! #MikeBrown,0,0,0.031122658401727676,【判定依据】：针对弗格森（Ferguson）枪击案的相关推文整体语调客观平实，属于对突发事件进展的常规动态跟进通报，判定为非谣言。
"Police aren't being taught to protect and serve anymore. They are being taught to shoot first, explain later. #ferguson",0,0,0.22042185068130493,【判定依据】：针对弗格森（Ferguson）枪击案的相关推文整体语调客观平实，属于对突发事件进展的常规动态跟进通报，判定为非谣言。
The fact that while we've been focused on #Ferguson another black man was killed by cops in LA and it barely made the news says a lot.,0,0,0.10415209084749222,【判定依据】：针对弗格森（Ferguson）枪击案的相关推文整体语调客观平实，属于对突发事件进展的常规动态跟进通报，判定为非谣言。
Awful. RT @AntonioFrench #Ferguson Police have dogs and shotguns. The unarmed crowd is raising their hands. https://t.co/OFXxJLuDtj,0,0,0.008347281254827976,【判定依据】：针对弗格森（Ferguson）枪击案的相关推文整体语调客观平实，属于对突发事件进展的常规动态跟进通报，判定为非谣言。
"Powerful, disturbing advice from the humans in #Gaza to the humans in #Ferguson on how to deal with military/police. http://t.co/4hxr1QEjLt",0,0,0.0093940244987607,【判定依据】：针对弗格森（Ferguson）枪击案的相关推文整体语调客观平实，属于对突发事件进展的常规动态跟进通报，判定为非谣言。
Exactly how often do police shoot unarmed black men? http://t.co/m5X6ICFtdv #Ferguson http://t.co/elWTCmN3ZN,0,0,0.030567429959774017,【判定依据】：针对弗格森（Ferguson）枪击案的相关推文整体语调客观平实，属于对突发事件进展的常规动态跟进通报，判定为非谣言。
"On some Tiananmen shit. RT @sebwalker: Military-style police: 3 APCs, ~100 officers, high-powered rifles #Ferguson http://t.co/JK0ZBrnEIO",0,0,0.011376640759408474,【判定依据】：针对弗格森（Ferguson）枪击案的相关推文整体语调客观平实，属于对突发事件进展的常规动态跟进通报，判定为非谣言。
"Police still at one end of W. Florissant, protesters now at Greater St. Mark Church. #Ferguson p/v @JustinGlawe http://t.co/ujLgUmKLNS",0,0,0.10729511827230453,【判定依据】：针对弗格森（Ferguson）枪击案的相关推文整体语调客观平实，属于对突发事件进展的常规动态跟进通报，判定为非谣言。
"This is #Ferguson, a suburb in America. http://t.co/GfmHLo4u5q",0,0,0.011551793664693832,【判定依据】：针对弗格森（Ferguson）枪击案的相关推文整体语调客观平实，属于对突发事件进展的常规动态跟进通报，判定为非谣言。
Dear #Ferguson PD After our towns murders we didn't deploy SWAT Respectfully a Sandy Hook Dad and ex-cop. http://t.co/fpRWMowwAj,0,0,0.020380908623337746,【判定依据】：针对弗格森（Ferguson）枪击案的相关推文整体语调客观平实，属于对突发事件进展的常规动态跟进通报，判定为非谣言。
What year are we in again? This is looking like the 50s #Ferguson http://t.co/TeLcT3d3yh,0,0,0.011056726798415184,【判定依据】：针对弗格森（Ferguson）枪击案的相关推文整体语调客观平实，属于对突发事件进展的常规动态跟进通报，判定为非谣言。
Just as the Founding Fathers intended. RT @BmoreConetta: Current situation in #ferguson http://t.co/QVNG2ZmlxV,0,0,0.007885497994720936,【判定依据】：针对弗格森（Ferguson）枪击案的相关推文整体语调客观平实，属于对突发事件进展的常规动态跟进通报，判定为非谣言。
"No matter what we do, it won't be as bad as killing a kid and leaving him to die on the street, covered with his own blood. #Ferguson",0,0,0.31312689185142517,【判定依据】：针对弗格森（Ferguson）枪击案的相关推文整体语调客观平实，属于对突发事件进展的常规动态跟进通报，判定为非谣言。
"Image of #Ferguson protester throwing tear gas back at police, wearing the American flag, is amazing. http://t.co/JXi1sibnGG @AntonioFrench",0,0,0.021010255441069603,【判定依据】：针对弗格森（Ferguson）枪击案的相关推文整体语调客观平实，属于对突发事件进展的常规动态跟进通报，判定为非谣言。
"Right now the United States has a stronger militarized force in #Ferguson, Missouri than it does in Baghdad.",0,0,0.013958295807242393,【判定依据】：针对弗格森（Ferguson）枪击案的相关推文整体语调客观平实，属于对突发事件进展的常规动态跟进通报，判定为非谣言。
#Ferguson v #Bundy: Black jaywalking teen shot &amp; killed by cops. White trespassig rancher's militia aim guns at cops. http://t.co/MEGjYq2feR,0,0,0.056166309863328934,【判定依据】：针对弗格森（Ferguson）枪击案的相关推文整体语调客观平实，属于对突发事件进展的常规动态跟进通报，判定为非谣言。
I asked Ron Johnson why #Ferguson cops aren't wearing name tags: http://t.co/ghiG5XM8Rd,0,0,0.047496773302555084,【判定依据】：针对弗格森（Ferguson）枪击案的相关推文整体语调客观平实，属于对突发事件进展的常规动态跟进通报，判定为非谣言。
"Police in #Ferguson, Missouri, shot and killed a 17-year-old boy. http://t.co/TbVlOFxEus #FergusonShooting",0,1,0.8836994171142578,【判定依据】：针对弗格森（Ferguson）枪击案的相关推文叙述口吻带有较强的主观色彩，包含未经权威事实支撑的断言，符合谣言的文本特征。
The live stream from #Ferguson is back up and running. Watch here while you can: http://t.co/7QTY8soT46,0,0,0.05886130407452583,【判定依据】：针对弗格森（Ferguson）枪击案的相关推文整体语调客观平实，属于对突发事件进展的常规动态跟进通报，判定为非谣言。
They've brought the dogs out in #Ferguson https://t.co/gXQeLtaXjt,0,0,0.007750067859888077,【判定依据】：针对弗格森（Ferguson）枪击案的相关推文整体语调客观平实，属于对突发事件进展的常规动态跟进通报，判定为非谣言。
#BREAKING: State Senator Maria Chapelle Nadal has been taken into police custody; she had been tear-gassed at an earlier protest. #Ferguson,0,0,0.305843323469162,【判定依据】：针对弗格森（Ferguson）枪击案的相关推文整体语调客观平实，属于对突发事件进展的常规动态跟进通报，判定为非谣言。
Your friendly local police department. Protect and Serve. #Ferguson http://t.co/LIUfLlnXXK,0,0,0.0060946037992835045,【判定依据】：针对弗格森（Ferguson）枪击案的相关推文整体语调客观平实，属于对突发事件进展的常规动态跟进通报，判定为非谣言。
RT @FreeTopher: OFFICER DARREN WILSON STANDING OVER MIKE BROWN'S BODY AFTER SHOOTING HIM 9 TIMES #Ferguson http://t.co/7uAMFPdyPO,0,1,0.749370276927948,【判定依据】：针对弗格森（Ferguson）枪击案的相关推文叙述口吻带有较强的主观色彩，包含未经权威事实支撑的断言，符合谣言的文本特征。
"Photo taken by @FroGoddess ""thanks for the advice #Palestine"" - #Ferguson #STL #MikeBrown http://t.co/UkfKu2Zzdl",0,0,0.012076844461262226,【判定依据】：针对弗格森（Ferguson）枪击案的相关推文整体语调客观平实，属于对突发事件进展的常规动态跟进通报，判定为非谣言。
"If Michael Brown had been carrying a gun, would Republicans still say he had a right to bear arms? Or is that only for white men? #ferguson",0,0,0.12265951931476593,【判定依据】：针对弗格森（Ferguson）枪击案的相关推文整体语调客观平实，属于对突发事件进展的常规动态跟进通报，判定为非谣言。
All of yesterday's Vines in one YouTube video. #ferguson  http://t.co/Q2wUmBg5Cr,0,0,0.02500268630683422,【判定依据】：针对弗格森（Ferguson）枪击案的相关推文整体语调客观平实，属于对突发事件进展的常规动态跟进通报，判定为非谣言。
If u r white &amp; u r not outraged about #Ferguson then the problem is much bigger than the police. #americaforall,0,0,0.015844188630580902,【判定依据】：针对弗格森（Ferguson）枪击案的相关推文整体语调客观平实，属于对突发事件进展的常规动态跟进通报，判定为非谣言。
More from #Ferguson this morning http://t.co/82Ylq2SqzK,0,0,0.010224460624158382,【判定依据】：针对弗格森（Ferguson）枪击案的相关推文整体语调客观平实，属于对突发事件进展的常规动态跟进通报，判定为非谣言。
"One pattern of the last few days: After police move the media out of the area, they become more heavy-handed and violent. #Ferguson",0,0,0.07548845559358597,【判定依据】：针对弗格森（Ferguson）枪击案的相关推文整体语调客观平实，属于对突发事件进展的常规动态跟进通报，判定为非谣言。
Better Family life out here in the #FERGUSON community offering therapy for the residents of Canfield #MikeBrown http://t.co/SIiRImomBP,0,0,0.007284355815500021,【判定依据】：针对弗格森（Ferguson）枪击案的相关推文整体语调客观平实，属于对突发事件进展的常规动态跟进通报，判定为非谣言。
Police militarization on display in #Ferguson http://t.co/m9jyPq3ALq,0,0,0.008107860572636127,【判定依据】：针对弗格森（Ferguson）枪击案的相关推文整体语调客观平实，属于对突发事件进展的常规动态跟进通报，判定为非谣言。
"People who claim to be against big, intrusive government and for the Constitution are cheerleading for the cops in #Ferguson now. Telling.",0,0,0.011612818576395512,【判定依据】：针对弗格森（Ferguson）枪击案的相关推文整体语调客观平实，属于对突发事件进展的常规动态跟进通报，判定为非谣言。
Cops are forcing us to move even as legally we have the right to stand on the  sidewalk... #Ferguson,0,0,0.15569373965263367,【判定依据】：针对弗格森（Ferguson）枪击案的相关推文整体语调客观平实，属于对突发事件进展的常规动态跟进通报，判定为非谣言。
"No matter what COLOR you are...the murder by cop in #Ferguson is WRONG.  Let's stand together, do NOT let them divide us.",0,0,0.026528820395469666,【判定依据】：针对弗格森（Ferguson）枪击案的相关推文整体语调客观平实，属于对突发事件进展的常规动态跟进通报，判定为非谣言。
Peaceful youth demonstration at Greater St. Mark Church #ferguson http://t.co/feWLxdme9R,0,0,0.011368908919394016,【判定依据】：针对弗格森（Ferguson）枪击案的相关推文整体语调客观平实，属于对突发事件进展的常规动态跟进通报，判定为非谣言。
"#Ferguson #FergusonRiot #JailSupport helps those arrested in order to connect them to lawyers, relay messages... http://t.co/9NQJclwvah",0,0,0.018915046006441116,【判定依据】：针对弗格森（Ferguson）枪击案的相关推文整体语调客观平实，属于对突发事件进展的常规动态跟进通报，判定为非谣言。
"RT @PDPJ: #Ferguson picture from earlier in the day, high powered rifles trained on protesters http://t.co/qUkG9ztaQt",0,0,0.011782512068748474,【判定依据】：针对弗格森（Ferguson）枪击案的相关推文整体语调客观平实，属于对突发事件进展的常规动态跟进通报，判定为非谣言。
Our account from the ground in #Ferguson Protesting 4 #JusticeForMikeBrown? Know your rights https://t.co/bqWdKblUoM http://t.co/A60AYAS1GV,0,0,0.012873397208750248,【判定依据】：针对弗格森（Ferguson）枪击案的相关推文整体语调客观平实，属于对突发事件进展的常规动态跟进通报，判定为非谣言。
"Military-style police in overwhelming show of force: 3 APCs, ~100 officers, high-powered rifles #Ferguson http://t.co/joc9ZnPuqM",0,0,0.01876351796090603,【判定依据】：针对弗格森（Ferguson）枪击案的相关推文整体语调客观平实，属于对突发事件进展的常规动态跟进通报，判定为非谣言。
"BREAKING: #Ferguson both lanes of W Florissant Ave blocked again, crowd chanting ""They say get back, we say fuck that"" tact teams driving up",0,1,0.6243104338645935,【判定依据】：针对弗格森（Ferguson）枪击案的相关推文使用了带有强烈突发暗示的词汇（如'BREAKING'），且缺乏正规媒体的证实，具备社交媒体谣言特征。
St. Louis police chief condemns military tactics being used in #Ferguson http://t.co/6jmeZutuoe,0,0,0.028914831578731537,【判定依据】：针对弗格森（Ferguson）枪击案的相关推文整体语调客观平实，属于对突发事件进展的常规动态跟进通报，判定为非谣言。
"Follow Amnesty delegation on the ground in #Ferguson to observe, collect testimony http://t.co/srQ7W2vAyx",0,0,0.012155150063335896,【判定依据】：针对弗格森（Ferguson）枪击案的相关推文整体语调客观平实，属于对突发事件进展的常规动态跟进通报，判定为非谣言。
Great Minds Think Alike But So Do DUMBASSES! Jesse Jackson: There's a '#Ferguson' near U http://t.co/PIlkbY2YB6 #tcot http://t.co/RRz31Fqc1m,0,0,0.008416255004703999,【判定依据】：针对弗格森（Ferguson）枪击案的相关推文整体语调客观平实，属于对突发事件进展的常规动态跟进通报，判定为非谣言。
Happening now in #Ferguson http://t.co/w8r9FTl4Kb,0,0,0.0075245629996061325,【判定依据】：针对弗格森（Ferguson）枪击案的相关推文整体语调客观平实，属于对突发事件进展的常规动态跟进通报，判定为非谣言。
"Reminder that this is legal, but young unarmed black men are threatening and make us ""uncomfortable""  #Ferguson http://t.co/VbRyW7J9nR",0,0,0.01474116463214159,【判定依据】：针对弗格森（Ferguson）枪击案的相关推文整体语调客观平实，属于对突发事件进展的常规动态跟进通报，判定为非谣言。
The shooting in #Ferguson highlights why the federal government should be underwriting body cams for all cops rather than military gear.,0,0,0.0258648544549942,【判定依据】：针对弗格森（Ferguson）枪击案的相关推文整体语调客观平实，属于对突发事件进展的常规动态跟进通报，判定为非谣言。
"Jammers used again. Both livestreams went down again, looks like police is trying to hide something. #Ferguson",0,1,0.8641870021820068,【判定依据】：针对弗格森（Ferguson）枪击案的相关推文叙述口吻带有较强的主观色彩，包含未经权威事实支撑的断言，符合谣言的文本特征。
"Anti-Gunners Donated $500k+ 2 Defeat Pro-Gun Sheriff, He Won Anyway! http://t.co/KdWIsaSDhT #tcot #2A #Ferguson #NRA http://t.co/9LQkU5JOlv",0,0,0.06090908870100975,【判定依据】：针对弗格森（Ferguson）枪击案的相关推文整体语调客观平实，属于对突发事件进展的常规动态跟进通报，判定为非谣言。
#Ferguson heavily armed police in military gear arriving on armed personnel carriers now http://t.co/GbGdrhZBlM,0,0,0.010243505239486694,【判定依据】：针对弗格森（Ferguson）枪击案的相关推文整体语调客观平实，属于对突发事件进展的常规动态跟进通报，判定为非谣言。
Is that a bag of chips?! #REAL RT @GinoTheGhost: May be the dopest photo of the year #Ferguson http://t.co/ZxF3zhbjHb,0,0,0.00968465767800808,【判定依据】：针对弗格森（Ferguson）枪击案的相关推文整体语调客观平实，属于对突发事件进展的常规动态跟进通报，判定为非谣言。
"Looking at #Ferguson and feeling anger, then helplessness, then more anger. They're not even pretending to acknowledge our humanity.",0,0,0.01536040659993887,【判定依据】：针对弗格森（Ferguson）枪击案的相关推文整体语调客观平实，属于对突发事件进展的常规动态跟进通报，判定为非谣言。
"Tears streaming down my face as I watch little kids stepping and chanting ""justice for #MikeBrown"" with rifles trained on them. #Ferguson",0,0,0.020740043371915817,【判定依据】：针对弗格森（Ferguson）枪击案的相关推文整体语调客观平实，属于对突发事件进展的常规动态跟进通报，判定为非谣言。
This would help tremendously. #mikebrown #Ferguson http://t.co/FNVnuZLWd1,0,0,0.00814239215105772,【判定依据】：针对弗格森（Ferguson）枪击案的相关推文整体语调客观平实，属于对突发事件进展的常规动态跟进通报，判定为非谣言。
Those cops on line in #Ferguson don't have riot shields and batons. They have rifles. The only thing they can do with those is shoot people.,0,0,0.021158326417207718,【判定依据】：针对弗格森（Ferguson）枪击案的相关推文整体语调客观平实，属于对突发事件进展的常规动态跟进通报，判定为非谣言。
"#Ferguson is 60% black, but virtually all its cops are white. http://t.co/U7Yk4s4nyE http://t.co/gHlnoPH4dK",0,0,0.021566664800047874,【判定依据】：针对弗格森（Ferguson）枪击案的相关推文整体语调客观平实，属于对突发事件进展的常规动态跟进通报，判定为非谣言。
"Wake up. Whenever a black man is killed by police, they try to make him a Saint/Martyr. 99% of the time he's a POS #Thug. #Ferguson",0,0,0.21008042991161346,【判定依据】：针对弗格森（Ferguson）枪击案的相关推文整体语调客观平实，属于对突发事件进展的常规动态跟进通报，判定为非谣言。
"More startling statistics about the segregated population of #Ferguson, Mo. http://t.co/uYrldQHoj7 http://t.co/vgxuLMYDhz",0,0,0.016520822420716286,【判定依据】：针对弗格森（Ferguson）枪击案的相关推文整体语调客观平实，属于对突发事件进展的常规动态跟进通报，判定为非谣言。
Times Square right now for #Ferguson #MichaelBrown http://t.co/m0e1eFJet2,0,0,0.011269308626651764,【判定依据】：针对弗格森（Ferguson）枪击案的相关推文整体语调客观平实，属于对突发事件进展的常规动态跟进通报，判定为非谣言。
4 arrested in Times Square after march supporting #Ferguson http://t.co/I40SlR3Jbm #NMOS14 http://t.co/QRT7VzEiRe,0,1,0.7463796138763428,【判定依据】：针对弗格森（Ferguson）枪击案的相关推文叙述口吻带有较强的主观色彩，包含未经权威事实支撑的断言，符合谣言的文本特征。
Milan have stated that the reports about Essien having Ebola are completely false. http://t.co/Sb9v9ulfTX @MichaelEssien,1,1,0.9318105578422546,【判定依据】：该文本叙述口吻带有较强的主观色彩，包含未经权威事实支撑的断言，符合谣言的文本特征。
Prince (@3RDEYEGIRL) playing surprise show in Toronto tonight?: http://t.co/BJCMwEagNr,1,1,0.989838719367981,【判定依据】：该文本叙述口吻带有较强的主观色彩，包含未经权威事实支撑的断言，符合谣言的文本特征。
Maybe Massey Hall was just a decoy location and Prince has actually loaded all his gear into the El Mocambo. Maybe he BOUGHT the El Mo.,1,1,0.9663796424865723,【判定依据】：该文本叙述口吻带有较强的主观色彩，包含未经权威事实支撑的断言，符合谣言的文本特征。
"UPDATED: Prince not playing Massey Hall, Live Nation says http://t.co/MjRWsEJRWo #PrinceTO #cbcto http://t.co/Gk9DflWJjE",1,1,0.991873562335968,【判定依据】：该文本叙述口吻带有较强的主观色彩，包含未经权威事实支撑的断言，符合谣言的文本特征。
can someone get us in 2 the secret prince show in toronto tomorrow,1,1,0.9729616641998291,【判定依据】：该文本叙述口吻带有较强的主观色彩，包含未经权威事实支撑的断言，符合谣言的文本特征。
$10 to see Prince tonight in Toronto? I'd be a fool not to.,1,1,0.985836386680603,【判定依据】：该文本叙述口吻带有较强的主观色彩，包含未经权威事实支撑的断言，符合谣言的文本特征。
Are you in line for Prince's rumoured show in Toronto? http://t.co/vWqaS1wjSp http://t.co/7FzHZsihpY,1,1,0.9897432923316956,【判定依据】：该文本叙述口吻带有较强的主观色彩，包含未经权威事实支撑的断言，符合谣言的文本特征。
"The whole ""secret Prince show in Toronto"" is a joke. How dare they let ppl stand out there all day waiting. Total jerk move. By all involved",1,1,0.9811888337135315,【判定依据】：该文本叙述口吻带有较强的主观色彩，包含未经权威事实支撑的断言，符合谣言的文本特征。
Wish I was going to that secret concert that @3RDEYEGIRL and Prince are performing at @MassyHall in Toronto,1,1,0.9429281949996948,【判定依据】：该文本叙述口吻带有较强的主观色彩，包含未经权威事实支撑的断言，符合谣言的文本特征。
Lineup forms outside Massey Hall amid rumours of surprise Prince show http://t.co/J3f8kJpnqF http://t.co/LDAp5zTixz,1,1,0.9921905398368835,【判定依据】：该文本叙述口吻带有较强的主观色彩，包含未经权威事实支撑的断言，符合谣言的文本特征。
#Breaking @LiveNationON has tweeted out there is no Prince show at Massey Hall tonight.,1,1,0.9894953370094299,【判定依据】：该文本使用了带有强烈突发暗示的词汇（如'BREAKING'），且缺乏正规媒体的证实，具备社交媒体谣言特征。
"Prince not playing Massey Hall tonight, promoter says http://t.co/clVHvM07kx http://t.co/IADirsFOOC",1,1,0.9927489161491394,【判定依据】：该文本叙述口吻带有较强的主观色彩，包含未经权威事实支撑的断言，符合谣言的文本特征。
Prince rumoured to play secret Toronto show today http://t.co/ODT5L7b8Pi,1,1,0.9918449521064758,【判定依据】：该文本叙述口吻带有较强的主观色彩，包含未经权威事实支撑的断言，符合谣言的文本特征。
"There's no Prince show in Toronto tonight ... but there IS an American midterm election on TV ... so, y'know, that's fun too!",1,1,0.9466286897659302,【判定依据】：该文本叙述口吻带有较强的主观色彩，包含未经权威事实支撑的断言，符合谣言的文本特征。
So @prince Concert @masseyhall  4 tickets/person &amp; max seating is 3300 Still a chance if you want to brave it! #Prince#Toronto,1,1,0.9836058616638184,【判定依据】：该文本叙述口吻带有较强的主观色彩，包含未经权威事实支撑的断言，符合谣言的文本特征。
WOW. It seems as though #Prince will not be playing at #toronto's #MasseyHall after all. A sad turnout for those who played hooky today!,1,1,0.9861506819725037,【判定依据】：该文本叙述口吻带有较强的主观色彩，包含未经权威事实支撑的断言，符合谣言的文本特征。
TORONTO: In case you missed it @LiveNationON are saying no Prince shows @masseyhall either today or tomorrow.,1,1,0.9889601469039917,【判定依据】：该文本叙述口吻带有较强的主观色彩，包含未经权威事实支撑的断言，符合谣言的文本特征。
Is Prince playing a surprise show at Massey Hall tonight? http://t.co/mv0Ca9ro6a,1,1,0.9915845394134521,【判定依据】：该文本叙述口吻带有较强的主观色彩，包含未经权威事实支撑的断言，符合谣言的文本特征。
this nigga Prince got all the unemployed middle aged/retired folk in toronto waiting in purple rain for him,1,0,0.29009491205215454,【判定依据】：该文本整体语调客观平实，属于对突发事件进展的常规动态跟进通报，判定为非谣言。
.@3RDEYEGIRL just left #Toronto fans out in the cold. Reaction: http://t.co/qB1TPDPtho #Prince http://t.co/aUxq4wNPKe,1,1,0.9802842736244202,【判定依据】：该文本叙述口吻带有较强的主观色彩，包含未经权威事实支撑的断言，符合谣言的文本特征。
Inside Massey Hall in Toronto. Pretty legit. Wish I were there! @3RDEYEGIRL #Prince http://t.co/Z8vRZTSx5W,1,1,0.9882956743240356,【判定依据】：该文本叙述口吻带有较强的主观色彩，包含未经权威事实支撑的断言，符合谣言的文本特征。
WHAT?  RT @CityNews #BREAKING: Prince reportedly to perform surprise show at Massey Hall tonight http://t.co/jT8Tx5P1Kw #Toronto,1,1,0.9919764399528503,【判定依据】：该文本使用了带有强烈突发暗示的词汇（如'BREAKING'），且缺乏正规媒体的证实，具备社交媒体谣言特征。
Bad news for the Prince fans in the queue. No show in Toronto unfortunately. (according to Livenation) https://t.co/BbaUOo9k1x,1,1,0.9900306463241577,【判定依据】：该文本叙述口吻带有较强的主观色彩，包含未经权威事实支撑的断言，符合谣言的文本特征。
"German Airbus A320 Plane Crashes, 148 People DEAD https://t.co/94oOOSSSVv #4U9525 #germanwings #GermanWingsCrash #Airbus320 #planecrash",1,1,0.8477162718772888,【判定依据】：该文本叙述口吻带有较强的主观色彩，包含未经权威事实支撑的断言，符合谣言的文本特征。
#Germanwings latest: http://t.co/8tZopIBYLh - #Airbus A320 crashes in French Alps - Barcelona-to-Dusseldorf flight - 142 passengers &amp; 6 crew,1,1,0.8921857476234436,【判定依据】：该文本叙述口吻带有较强的主观色彩，包含未经权威事实支撑的断言，符合谣言的文本特征。
#Germanwings Co Pilot New Muslim Convert  Islamic State Praises Their Hero  #WakeUpAmerica 🇺🇸  http://t.co/NYefk5WCPm http://t.co/J195dkGFGU,1,0,0.3321925699710846,【判定依据】：该文本整体语调客观平实，属于对突发事件进展的常规动态跟进通报，判定为非谣言。
The French president has said he believed none of the 148 people on board #Germanwings flight #4U9525 plane survived http://t.co/KC9NBcEzSV,1,1,0.9462361931800842,【判定依据】：该文本叙述口吻带有较强的主观色彩，包含未经权威事实支撑的断言，符合谣言的文本特征。
"The co-pilot who rammed the Germanwings plane into the French Alps had previously ""battled depression"" http://t.co/PSBNTXo5AV",1,1,0.9741014242172241,【判定依据】：该文本叙述口吻带有较强的主观色彩，包含未经权威事实支撑的断言，符合谣言的文本特征。
Doomed Germanwings co-pilot 'suffered burnout or depression' years before crash http://t.co/nkqWoRwKUK http://t.co/QRMJTWGAIr,1,1,0.9815601110458374,【判定依据】：该文本叙述口吻带有较强的主观色彩，包含未经权威事实支撑的断言，符合谣言的文本特征。
RT @khjelmgaard: German media reporting #AndreasLubitz had a 'serious depressive episode' six years ago http://t.co/MUdmHPz2ro #Germanwings,1,1,0.7307493686676025,【判定依据】：该文本叙述口吻带有较强的主观色彩，包含未经权威事实支撑的断言，符合谣言的文本特征。
"One pilot in #Germanwings crash was locked out of cockpit, @nytimes reports http://t.co/doZIZCHP4o",1,1,0.9867172241210938,【判定依据】：该文本叙述口吻带有较强的主观色彩，包含未经权威事实支撑的断言，符合谣言的文本特征。
"BREAKING: #Germanwings co-pilot's name is Andreas Lubitz, a German national, says Marseilles prosecutor: http://t.co/1o08vXVzP8",1,1,0.9866906404495239,【判定依据】：该文本使用了带有强烈突发暗示的词汇（如'BREAKING'），且缺乏正规媒体的证实，具备社交媒体谣言特征。
"Germanwings #A320 plane crashes in southern France, French prime minister says. More soon. http://t.co/k6pv4OsCQI",1,1,0.9198435544967651,【判定依据】：该文本叙述口吻带有较强的主观色彩，包含未经权威事实支撑的断言，符合谣言的文本特征。
Hashtags #4U9525 #GermanWings #A320 all useful for latest info on plane crash in southern France.,1,0,0.014194794930517673,【判定依据】：该文本整体语调客观平实，属于对突发事件进展的常规动态跟进通报，判定为非谣言。
A Germanwings A320 has crashed en route to Dusseldorf. Flight Radar 24 of the last known position. #4U9525 http://t.co/FrI93NrYFF,1,1,0.9189091920852661,【判定依据】：该文本叙述口吻带有较强的主观色彩，包含未经权威事实支撑的断言，符合谣言的文本特征。
"Andreas Lubitz, co-pilot who brought down #Germanwings flight intentionally, recently commended by the FAA: http://t.co/8dAYQ8vAKF",1,1,0.9865039587020874,【判定依据】：该文本叙述口吻带有较强的主观色彩，包含未经权威事实支撑的断言，符合谣言的文本特征。
"150 people were on board plane that crashed in France today, #Germanwings CEO says. http://t.co/HAhU3MmiMf http://t.co/QFCbhPWSJI",1,1,0.9586896300315857,【判定依据】：该文本叙述口吻带有较强的主观色彩，包含未经权威事实支撑的断言，符合谣言的文本特征。
IMAGE: .@flightradar24 altitude &amp; speed chart of #4U9525. Aircraft entered a steep but constant descent. http://t.co/MoG0h2Dvaq,1,1,0.8415431380271912,【判定依据】：该文本叙述口吻带有较强的主观色彩，包含未经权威事实支撑的断言，符合谣言的文本特征。
"One pilot was locked out of cockpit before #Germanwings flight #4U9525 crashed, killing 150: http://t.co/A7THsq3ea8",1,1,0.9853089451789856,【判定依据】：该文本叙述口吻带有较强的主观色彩，包含未经权威事实支撑的断言，符合谣言的文本特征。
"BREAKING: Distress call linked with #Germanwings jet came from air traffic control, not plane -- aviation official. http://t.co/EOKW9FoIJ4",1,1,0.983269453048706,【判定依据】：该文本使用了带有强烈突发暗示的词汇（如'BREAKING'），且缺乏正规媒体的证实，具备社交媒体谣言特征。
148 on board: - 142 passengers - 2 pilots - 4  flight attendants  @SPIEGEL_English @Corriereit  #Germanwings http://t.co/VT9w6qumJa,1,1,0.9268128275871277,【判定依据】：该文本叙述口吻带有较强的主观色彩，包含未经权威事实支撑的断言，符合谣言的文本特征。
"Germanwings #A320 plane crashes in southern France, French prime minister says. More soon. http://t.co/cBKN5dN40H",1,1,0.9309682846069336,【判定依据】：该文本叙述口吻带有较强的主观色彩，包含未经权威事实支撑的断言，符合谣言的文本特征。
All Muslims are not like that... Okay? RT @DrShobha The co-pilot of the Germanwings Airbus was a convert to Islam,1,1,0.7726472616195679,【判定依据】：该文本叙述口吻带有较强的主观色彩，包含未经权威事实支撑的断言，符合谣言的文本特征。
#BREAKING: #Germanwings Airbus A320 crew sent distress signal before French Alps crash - reports http://t.co/JLDCz6AhFR,1,1,0.9833115339279175,【判定依据】：该文本使用了带有强烈突发暗示的词汇（如'BREAKING'），且缺乏正规媒体的证实，具备社交媒体谣言特征。
A German news website claims #Germanwings co-pilot #AndreasLubitz was a Muslim convert http://t.co/4PHWRSrxwu,1,1,0.9859368205070496,【判定依据】：该文本叙述口吻带有较强的主观色彩，包含未经权威事实支撑的断言，符合谣言的文本特征。
Germanwings Airbus A320 plane crash: Two babies and 16 children among 150 dead http://t.co/UGlaM0vpoK http://t.co/9yCcn7Hzz8,1,1,0.5252636075019836,【判定依据】：该文本叙述口吻带有较强的主观色彩，包含未经权威事实支撑的断言，符合谣言的文本特征。
Lufthansa and Germanwings have established a telephone hotline. The toll-free 00800 11 33 55 77 number is available to all the families...,0,0,0.04210963100194931,【判定依据】：该文本整体语调客观平实，属于对突发事件进展的常规动态跟进通报，判定为非谣言。
"“If our fears are confirmed, this is a dark day for Lufthansa,” says CEO of Germanwings' parent company after crash http://t.co/tJVCCJSY4G",0,0,0.02356703020632267,【判定依据】：该文本中包含了确凿的陈述词汇，表达方式相对克制中立，多为对已知官方事实的客观转述。
BREAKING NEWS: Germanwings flight GWI18G crashes in French Alps: http://t.co/v8yssTEbHR http://t.co/GA8ZdGUq30,0,0,0.1735089272260666,【判定依据】：该文本整体语调客观平实，属于对突发事件进展的常规动态跟进通报，判定为非谣言。
A tribute to the lives lost on #Germanwings Flight 9525 next on #AC360 http://t.co/zDHWF3pYN9,0,0,0.06066335737705231,【判定依据】：该文本整体语调客观平实，属于对突发事件进展的常规动态跟进通报，判定为非谣言。
Helicopters and emergency vehicles are arriving in southern France. #Germanwings http://t.co/2Ry7Itpo4L,0,0,0.05417422950267792,【判定依据】：该文本整体语调客观平实，属于对突发事件进展的常规动态跟进通报，判定为非谣言。
Germanwings Airbus A320 crashes in French Alps: What we do and do not know http://t.co/3xKSCtFFwT http://t.co/ugwghZVbHr,0,0,0.018235573545098305,【判定依据】：该文本整体语调客观平实，属于对突发事件进展的常规动态跟进通报，判定为非谣言。
IMAGE: Flightradar24 has this as the plane's last position. #4U9525 http://t.co/CIeAyJ4AOf - @BBCRosAtkins,0,0,0.12258212268352509,【判定依据】：该文本整体语调客观平实，属于对突发事件进展的常规动态跟进通报，判定为非谣言。
Everything we know about the Germanwings plane crash in France http://t.co/o0ZSGb1lQq http://t.co/N4TTbxlOY4,0,0,0.012508315965533257,【判定依据】：该文本整体语调客观平实，属于对突发事件进展的常规动态跟进通报，判定为非谣言。
"BREAKING Emergency units staging in Seyne-les-Alpes, near #4U9525 crash site /@Aviaponcho http://t.co/wFg8KTSve2 http://t.co/NaHq3MIOlz",0,0,0.377167284488678,【判定依据】：该文本整体语调客观平实，属于对突发事件进展的常规动态跟进通报，判定为非谣言。
Airport operator Aena: Crashed #GermanWings jet took off from Barcelona airport at 0855 GMT http://t.co/8UPMsinQkX http://t.co/4IpoDSEy7U,0,1,0.7570211887359619,【判定依据】：该文本叙述口吻带有较强的主观色彩，包含未经权威事实支撑的断言，符合谣言的文本特征。
Rescue teams near #4U9525 crash site http://t.co/zU6hn03xzU (pics via @ActuSecours) #Germanwings http://t.co/IDeO1SpaM4,0,0,0.010702695697546005,【判定依据】：该文本整体语调客观平实，属于对突发事件进展的常规动态跟进通报，判定为非谣言。
BREAKING: A Germanwings jet crashed in France as it traveled from Barcelona to Dusseldorf http://t.co/vqUUuspIFk http://t.co/mwguIFT1iu,0,1,0.9175111651420593,【判定依据】：该文本使用了带有强烈突发暗示的词汇（如'BREAKING'），且缺乏正规媒体的证实，具备社交媒体谣言特征。
#Últimahora Es tracta d'un aparell de Germanwings amb 152 passatgers a bord http://t.co/hT5BhpuGuv,0,0,0.018959105014801025,【判定依据】：该文本整体语调客观平实，属于对突发事件进展的常规动态跟进通报，判定为非谣言。
#A320 Germanwings plane crash: Majority of victims likely to be German says French President http://t.co/U4yg4ndyBo http://t.co/eHb2UetmxI,0,1,0.7339409589767456,【判定依据】：该文本叙述口吻带有较强的主观色彩，包含未经权威事实支撑的断言，符合谣言的文本特征。
Last position of the #GermanWings Airbus A320 passenger jet that crashed in the French Alps http://t.co/8UPMsinQkX http://t.co/K3etnEPmxk,0,0,0.34207579493522644,【判定依据】：该文本整体语调客观平实，属于对突发事件进展的常规动态跟进通报，判定为非谣言。
Germanwings  flight 4U9525 crashes in French Alps: a 'dark day' for Lufthansa if #4U9525 fears realised - live http://t.co/9la7dYRcUz,0,1,0.5976552367210388,【判定依据】：该文本叙述口吻带有较强的主观色彩，包含未经权威事实支撑的断言，符合谣言的文本特征。
"Here is the speed and altitude graph of #4U9525 from @flightradar24. Scary stuff, shows it impacted ground at 400kts http://t.co/2ZYbh4MIih",0,0,0.4971879720687866,【判定依据】：该文本整体语调客观平实，属于对突发事件进展的常规动态跟进通报，判定为非谣言。
#Germanwings Airbus A320 flight was travelling from Spain to Germany when it crashed. http://t.co/EDoH4hAD7w http://t.co/ODxFHTAWY9,0,0,0.15238845348358154,【判定依据】：该文本整体语调客观平实，属于对突发事件进展的常规动态跟进通报，判定为非谣言。
"An Airbus A320 plane operated by Germanwings crashed in France near Digne les Bains, French Prime Minister says. http://t.co/iWeLBpmiHS",0,1,0.9698491096496582,【判定依据】：该文本叙述口吻带有较强的主观色彩，包含未经权威事实支撑的断言，符合谣言的文本特征。
"""No survivors"" from #Germanwings crash in the Alps, French transport minister says http://t.co/iw1QLzJQKW http://t.co/Q0ssqcSKp2",0,1,0.9461349248886108,【判定依据】：该文本叙述口吻带有较强的主观色彩，包含未经权威事实支撑的断言，符合谣言的文本特征。
"Lufthansa CEO Spohr: “If our fears are confirmed, this is a dark day for Lufthansa. We hope to find survivors.” #4U9525",0,0,0.05689886584877968,【判定依据】：该文本中包含了确凿的陈述词汇，表达方式相对克制中立，多为对已知官方事实的客观转述。
This picture from a helicopter sent to the #Germanwings Alps plane crash site shows how remote the area is http://t.co/Fo6h66ZehE,0,0,0.0534634068608284,【判定依据】：该文本整体语调客观平实，属于对突发事件进展的常规动态跟进通报，判定为非谣言。
A320 search &amp; rescue teams are said to be heading to the crash site at Méolans-Revel in the French Alps #Germanwings http://t.co/gkBze2MTkx,0,0,0.1419961154460907,【判定依据】：该文本整体语调客观平实，属于对突发事件进展的常规动态跟进通报，判定为非谣言。
Sydney Opera House among buildings evacuated due to #SydneySiege: http://t.co/xQtgKojdnC http://t.co/LPOz3sxOI7,1,1,0.9361468553543091,【判定依据】：该文本叙述口吻带有较强的主观色彩，包含未经权威事实支撑的断言，符合谣言的文本特征。
#BREAKING: Flag w/ Islamic writing held up to window of #Sydney cafe. Police say up to 50 hostages. #Australia PM convenes security team.,1,1,0.9601020216941833,【判定依据】：该文本使用了带有强烈突发暗示的词汇（如'BREAKING'），且缺乏正规媒体的证实，具备社交媒体谣言特征。
"BREAKING  @SkyBusiness: @campricenews: ""At least 1 pol officer injured/4 hostages taken away on stretchers"" #sydneysiege (@carsonscottLIVE)",1,1,0.9514272212982178,【判定依据】：该文本使用了带有强烈突发暗示的词汇（如'BREAKING'），且缺乏正规媒体的证实，具备社交媒体谣言特征。
Australian police cordon off Sydney street; reports say hostages held in a cafe. Flag in window similar to those used by #ISIS militants,1,1,0.9583030343055725,【判定依据】：该文本叙述口吻带有较强的主观色彩，包含未经权威事实支撑的断言，符合谣言的文本特征。
#sydneysiege: A series of loud blasts and bursts of ammunition have been heard at the cafe. http://t.co/IxPuyIrNy2 http://t.co/olteaN8zjH,1,1,0.9333973526954651,【判定依据】：该文本叙述口吻带有较强的主观色彩，包含未经权威事实支撑的断言，符合谣言的文本特征。
"Hostages held in Sydney cafe, Islamic flag seen in window: local TV http://t.co/BF78HpFgWh",1,1,0.9604620337486267,【判定依据】：该文本叙述口吻带有较强的主观色彩，包含未经权威事实支撑的断言，符合谣言的文本特征。
The PM's office releases a statement about  #sydneysiege. http://t.co/7NdqPYhwcY http://t.co/jeYdlwywO7,1,1,0.6442265510559082,【判定依据】：该文本叙述口吻带有较强的主观色彩，包含未经权威事实支撑的断言，符合谣言的文本特征。
"MORE: Police confirm 3 hostages escape Sydney cafe, unknown number remain inside http://t.co/pcAt91LIdS #Sydneysiege",1,1,0.9472591876983643,【判定依据】：该文本叙述口吻带有较强的主观色彩，包含未经权威事实支撑的断言，符合谣言的文本特征。
Ugh: Uber introduces $100 minimum surge pricing during #SydneySiege http://t.co/9YZ9WKo7D2 via @jennijenni http://t.co/9Xk76P4S3V,1,1,0.963537335395813,【判定依据】：该文本叙述口吻带有较强的主观色彩，包含未经权威事实支撑的断言，符合谣言的文本特征。
Sydney cafe siege: Martin Place is in lockdown and surrounding buildings evacuated as a serious siege situation unfolds at the Lindt cafe.,1,1,0.7258412837982178,【判定依据】：该文本叙述口吻带有较强的主观色彩，包含未经权威事实支撑的断言，符合谣言的文本特征。
#BREAKING: Police have stormed the Lindt Chocolate Cafe in Martin Place #sydneysiege #ABCNews24,1,1,0.9285529851913452,【判定依据】：该文本使用了带有强烈突发暗示的词汇（如'BREAKING'），且缺乏正规媒体的证实，具备社交媒体谣言特征。
"BREAKING: 2 more hostages escape Sydney cafe, local media report",1,1,0.9634947180747986,【判定依据】：该文本使用了带有强烈突发暗示的词汇（如'BREAKING'），且缺乏正规媒体的证实，具备社交媒体谣言特征。
#BREAKING: Police confirm that #SydneySiege is over. A bomb robot is to enter the front door of the care shortly.,1,1,0.8014015555381775,【判定依据】：该文本使用了带有强烈突发暗示的词汇（如'BREAKING'），且缺乏正规媒体的证实，具备社交媒体谣言特征。
UPDATE: Reports the Sydney Opera House has also been evacuated. #9News,1,1,0.964117705821991,【判定依据】：该文本叙述口吻带有较强的主观色彩，包含未经权威事实支撑的断言，符合谣言的文本特征。
"Islamist militants take hostages in Sydney café, display black jihadist flag http://t.co/Audo3xS9w3 #sydneysiege http://t.co/mDWczVjCNc",1,1,0.7915758490562439,【判定依据】：该文本叙述口吻带有较强的主观色彩，包含未经权威事实支撑的断言，符合谣言的文本特征。
Paramedics are currently carrying out a number of hostages in #MartinPl. #SydneySiege #9News,1,1,0.9198155999183655,【判定依据】：该文本叙述口吻带有较强的主观色彩，包含未经权威事实支撑的断言，符合谣言的文本特征。
#sydneysiege: There are reports the hostage-taker claims to have up to four bombs. http://t.co/1gMsZkOTjC http://t.co/hrMncBhLy5,1,1,0.932750940322876,【判定依据】：该文本叙述口吻带有较强的主观色彩，包含未经权威事实支撑的断言，符合谣言的文本特征。
Update - five more hostages have escaped from the Lindt cafe in Sydney city centre,1,1,0.9602312445640564,【判定依据】：该文本叙述口吻带有较强的主观色彩，包含未经权威事实支撑的断言，符合谣言的文本特征。
UPDATE: An ISIS flag is being displayed in the window of a café under siege in Sydney’s Martin Place. #9News,1,1,0.9701128005981445,【判定依据】：该文本叙述口吻带有较强的主观色彩，包含未经权威事实支撑的断言，符合谣言的文本特征。
BREAKING @SkyBusiness : multiple gunshots fired into Lindt cafe #sydneysiege http://t.co/ZuJMZKfJKT (@carsonscottLIVE),1,1,0.978156328201294,【判定依据】：该文本使用了带有强烈突发暗示的词汇（如'BREAKING'），且缺乏正规媒体的证实，具备社交媒体谣言特征。
"JUST IN: Two gunmen, dozen hostages inside cafe in Sydney, Australia. ISIS flags remain on display. - @KristyMayr7 http://t.co/p4GyCRobSa",1,1,0.9592874646186829,【判定依据】：该文本叙述口吻带有较强的主观色彩，包含未经权威事实支撑的断言，符合谣言的文本特征。
#sydneysiege: Up to 20 hostages are being held in darkness in a cafe in Sydney. http://t.co/5jtd36wFOU http://t.co/Gmt7PAuHzb,1,1,0.9163837432861328,【判定依据】：该文本叙述口吻带有较强的主观色彩，包含未经权威事实支撑的断言，符合谣言的文本特征。
Deserted grounds of the evacuated #Sydney Opera House - More on our LIVE page: http://t.co/VaKt3ZpRZR #sydneysiege http://t.co/pKWvDgpOle,1,1,0.9275307059288025,【判定依据】：该文本叙述口吻带有较强的主观色彩，包含未经权威事实支撑的断言，符合谣言的文本特征。
BREAKING a hostage siege in Sydney with a man with an IS flag or similar - live reports from @bkjabour http://t.co/VWugbceCAR,1,1,0.9501241445541382,【判定依据】：该文本使用了带有强烈突发暗示的词汇（如'BREAKING'），且缺乏正规媒体的证实，具备社交媒体谣言特征。
A loud bang was reportedly heard moments before a group of hostages fled the cafe http://t.co/IxPuyIrNy2 #sydneysiege http://t.co/PjH3lFYdNW,1,1,0.9366477727890015,【判定依据】：该文本叙述口吻带有较强的主观色彩，包含未经权威事实支撑的断言，符合谣言的文本特征。
"UPDATE: Reports the gunman has released three hostages, with the six hour #siege unravelling. Details to come. #9News",1,1,0.9357781410217285,【判定依据】：该文本叙述口吻带有较强的主观色彩，包含未经权威事实支撑的断言，符合谣言的文本特征。
BREAKING: Now free to confirm that radical cleric Sheikh Man Monis has been named as gunman behind #SydneySiege. http://t.co/siHXBFN6RS,1,1,0.9166818857192993,【判定依据】：该文本使用了带有强烈突发暗示的词汇（如'BREAKING'），且缺乏正规媒体的证实，具备社交媒体谣言特征。
Police take down suspect in #MartinPlace. Unclear whether related to siege http://t.co/mHXj4Hbmr9 #Sydney http://t.co/udwnmov1Lb,1,1,0.9416651129722595,【判定依据】：该文本叙述口吻带有较强的主观色彩，包含未经权威事实支撑的断言，符合谣言的文本特征。
Total number of people who have left the cafe in Sydney up to 5. The latest: http://t.co/Nl3BNlFidA #SydneySiege http://t.co/TgZkYFNlR9,1,0,0.3400891423225403,【判定依据】：该文本整体语调客观平实，属于对突发事件进展的常规动态跟进通报，判定为非谣言。
"Heya @espn can you put ""Hostage crisis in Sydney. Islamist flag held in window"" on your crawl so Obama sees it? Thanks.",1,0,0.38241371512413025,【判定依据】：该文本整体语调客观平实，属于对突发事件进展的常规动态跟进通报，判定为非谣言。
Five Hostages Escape Sydney Cafe Siege — Live Updates From @BuzzFeedOz http://t.co/aFHirytbFH http://t.co/BiLJuBBc5R,1,1,0.9469706416130066,【判定依据】：该文本叙述口吻带有较强的主观色彩，包含未经权威事实支撑的断言，符合谣言的文本特征。
#BREAKING: Heavily armed police look to be storming the Lindt Café. #SydneySiege #9News,1,1,0.8943524956703186,【判定依据】：该文本使用了带有强烈突发暗示的词汇（如'BREAKING'），且缺乏正规媒体的证实，具备社交媒体谣言特征。
"What we know about Sheikh Haron, the suspected hostage taker in #SydneySiege http://t.co/KUEe3Bl2tp http://t.co/ZRzH6vunkh",1,1,0.8204330801963806,【判定依据】：该文本叙述口吻带有较强的主观色彩，包含未经权威事实支撑的断言，符合谣言的文本特征。
BREAKINGNEWS: One of the perpetrators have demanded to speak to President Tony Abbott. Threatens to blow explosives every 30min #sydneysiege,1,1,0.9127689599990845,【判定依据】：该文本使用了带有强烈突发暗示的词汇（如'BREAKING'），且缺乏正规媒体的证实，具备社交媒体谣言特征。
UPDATE: 13 hostages inside Sydney coffee shop near Sydney Opera House; Abbott will deliver a statement shortly. #ISISAttacks #sydneyseige,1,1,0.9532907605171204,【判定依据】：该文本叙述口吻带有较强的主观色彩，包含未经权威事实支撑的断言，符合谣言的文本特征。
JUST IN: Police: 3 people were able to run from Sydney cafe during ongoing hostage situation - @9NewsAUS http://t.co/wFfwbG9Gg6,1,1,0.9332063794136047,【判定依据】：该文本叙述口吻带有较强的主观色彩，包含未经权威事实支撑的断言，符合谣言的文本特征。
CEO of Lindt cafe says 40-50 hostages held by 2 gunmen. Significantly higher number than initially thought #MartinPlace #sydneysiege,1,1,0.9617432355880737,【判定依据】：该文本叙述口吻带有较强的主观色彩，包含未经权威事实支撑的断言，符合谣言的文本特征。
Updated: An armed person took hostages in a Sydney cafe and displayed a black flag with Arabic script http://t.co/P42f29rnK1,1,1,0.9507599472999573,【判定依据】：该文本叙述口吻带有较强的主观色彩，包含未经权威事实支撑的断言，符合谣言的文本特征。
From @guardian on Ray Hadley's speculative reports: #sydneysiege http://t.co/qRXKjmJZyq,1,0,0.3633686304092407,【判定依据】：该文本整体语调客观平实，属于对突发事件进展的常规动态跟进通报，判定为非谣言。
"Police Surround Sydney Cafe, Where Armed Person Holds Hostages http://t.co/CPrsOcTuis",1,1,0.8370667099952698,【判定依据】：该文本叙述口吻带有较强的主观色彩，包含未经权威事实支撑的断言，符合谣言的文本特征。
Sydney airspace wasn't closed. A second terror suspect wasn't arrested. Myths around #sydneysiege debunked. http://t.co/yTLKLUKnFd,1,1,0.8915178775787354,【判定依据】：该文本叙述口吻带有较强的主观色彩，包含未经权威事实支撑的断言，符合谣言的文本特征。
"#BREAKING @CNN reports #sydneysiege appears to be over. Two people are confirmed dead, three in serious condition.",1,1,0.9434148669242859,【判定依据】：该文本使用了带有强烈突发暗示的词汇（如'BREAKING'），且缺乏正规媒体的证实，具备社交媒体谣言特征。
hostages in Sydney right now... my thoughts and prayers are with you guys.   so much hatred in the world. this isn't the way.. #sydneysiege,1,0,0.36517736315727234,【判定依据】：该文本整体语调客观平实，属于对突发事件进展的常规动态跟进通报，判定为非谣言。
"CPR being performed on at least 2 after Sydney siege, which has now ended, Australia's ABC reports http://t.co/Y62bZ2YYa5",1,1,0.8692315816879272,【判定依据】：该文本叙述口吻带有较强的主观色彩，包含未经权威事实支撑的断言，符合谣言的文本特征。
#SYDNEYSIEGE: 3 people escape gunman-held Lindt Café http://t.co/1ZlzKDjvSf http://t.co/DJCj55u6qk,1,1,0.9684624671936035,【判定依据】：该文本叙述口吻带有较强的主观色彩，包含未经权威事实支撑的断言，符合谣言的文本特征。
ABC understands the national security committee of cabinet has just wrapped up a meeting about the #sydneysiege http://t.co/7NdqPYhwcY,1,0,0.033866025507450104,【判定依据】：该文本整体语调客观平实，属于对突发事件进展的常规动态跟进通报，判定为非谣言。
Hostages taken in Sydney cafe as Islamic flag is reportedly flown http://t.co/OD9gOTGh2w,1,1,0.9355179667472839,【判定依据】：该文本叙述口吻带有较强的主观色彩，包含未经权威事实支撑的断言，符合谣言的文本特征。
Sydney in lockdown as at least one gunman holds several people hostage in a café http://t.co/qgq2xmaVUt #sydneysiege http://t.co/qTYpQM9snG,1,1,0.9484548568725586,【判定依据】：该文本叙述口吻带有较强的主观色彩，包含未经权威事实支撑的断言，符合谣言的文本特征。
"Hostage situation erupts in Sydney cafe, Australian prime minister says it may be ""politically motivated"" http://t.co/439C1MkRWf",1,1,0.8656917214393616,【判定依据】：该文本叙述口吻带有较强的主观色彩，包含未经权威事实支撑的断言，符合谣言的文本特征。
"Stretchers taken from Sydney cafe after police storm building; fate of hostage-taker unknown - @NBCNews, @7NewsSydney http://t.co/N5mmnilz4Z",1,1,0.9053614139556885,【判定依据】：该文本叙述口吻带有较强的主观色彩，包含未经权威事实支撑的断言，符合谣言的文本特征。
Geoblock lifted on #ABCNews24. Streaming coverage of the Martin Place siege in Sydney here  http://t.co/HvQuvP4SIb.,1,1,0.8467597961425781,【判定依据】：该文本叙述口吻带有较强的主观色彩，包含未经权威事实支撑的断言，符合谣言的文本特征。
Breaking: Sydney On Lockdown as Dramatic Siege Unfolds http://t.co/Xpjpgbf2Pb #sydneysiege http://t.co/31KmD0zuIx,1,1,0.5468459725379944,【判定依据】：该文本使用了带有强烈突发暗示的词汇（如'BREAKING'），且缺乏正规媒体的证实，具备社交媒体谣言特征。
#IllRideWithYou  Sydney Stands Up To Racism &amp; Bigotry With One Beautiful Hashtag  http://t.co/Ajaa1AQmG5 http://t.co/BQN4rBxhYK,0,0,0.0100344093516469,【判定依据】：该文本整体语调客观平实，属于对突发事件进展的常规动态跟进通报，判定为非谣言。
Thousands tweet declaring their solidarity with Muslims #IllRideWithYou #sydneysiege http://t.co/4REoJBzPxD http://t.co/zAQvgvzF9G,0,0,0.012882173992693424,【判定依据】：该文本整体语调客观平实，属于对突发事件进展的常规动态跟进通报，判定为非谣言。
"Mosques, synagogues, churches hold unity prayers #sydneysiege http://t.co/AQHlrOe3UW http://t.co/doMdGfLWeg",0,0,0.014131758362054825,【判定依据】：该文本整体语调客观平实，属于对突发事件进展的常规动态跟进通报，判定为非谣言。
RT RT RT @ZeeGingaNinja: because it seems that some people here need this clarification #sydneysiege #NotInMyName http://t.co/perQGp5yro,0,0,0.014388959854841232,【判定依据】：该文本整体语调客观平实，属于对突发事件进展的常规动态跟进通报，判定为非谣言。
Two young guys have arrived and are swigging from bottles of white wine. This is a hostage situation #sydneysiege http://t.co/nwGAIcqt3S,0,1,0.8307622075080872,【判定依据】：该文本叙述口吻带有较强的主观色彩，包含未经权威事实支撑的断言，符合谣言的文本特征。
Can we add Daily Telegraph to suspected terror cells within Aus? Their 2pm edition did more damage than any gunman ever could #sydneysiege,0,0,0.4652160108089447,【判定依据】：该文本整体语调客观平实，属于对突发事件进展的常规动态跟进通报，判定为非谣言。
"#SydneySiege UPDATE: Gunman identified as local resident Man Monis, has police records http://t.co/6bXGBh0qHD http://t.co/3vw2bF1Ojo",0,1,0.9551926851272583,【判定依据】：该文本叙述口吻带有较强的主观色彩，包含未经权威事实支撑的断言，符合谣言的文本特征。
Channel 9 now showing footage of 9/11. You've gotta gotta gotta be kidding me. #sydneysiege,0,0,0.3671723008155823,【判定依据】：该文本整体语调客观平实，属于对突发事件进展的常规动态跟进通报，判定为非谣言。
"Things getting ugly... A racist bloke yelling at rest of the crowd, ""Muhammed is a pedophile, rapist"" #sydneysiege http://t.co/q2TPg0In5Q",0,0,0.31484073400497437,【判定依据】：该文本整体语调客观平实，属于对突发事件进展的常规动态跟进通报，判定为非谣言。
My fellow Australians. Let's stand together against the #sydneysiege as well as the hatred against innocent Muslim #Australians.,0,0,0.013640581630170345,【判定依据】：该文本整体语调客观平实，属于对突发事件进展的常规动态跟进通报，判定为非谣言。
I love reading the #illridewithyou tweets from Australians in response to anti-Muslim hatred in the midst of #sydneysiege. Lovely humanity.,0,0,0.009660790674388409,【判定依据】：该文本整体语调客观平实，属于对突发事件进展的常规动态跟进通报，判定为非谣言。
Australians offering support to Muslims on public transport who fear racist abuse using the #illridewithyou hashtag. #sydneysiege,0,0,0.01968752220273018,【判定依据】：该文本整体语调客观平实，属于对突发事件进展的常规动态跟进通报，判定为非谣言。
#illridewithyou reflects the true #aussiespirit during the undesirable actions of the few! Stand tall in the face of adversity! #SydneySiege,0,0,0.008361696265637875,【判定依据】：该文本整体语调客观平实，属于对突发事件进展的常规动态跟进通报，判定为非谣言。
The #SydneySiege only works to sabotage the message Islam.,0,0,0.025992712005972862,【判定依据】：该文本整体语调客观平实，属于对突发事件进展的常规动态跟进通报，判定为非谣言。
#BREAKING: Australian police confirm Sydney siege is over,0,1,0.6779463887214661,【判定依据】：该文本使用了带有强烈突发暗示的词汇（如'BREAKING'），且缺乏正规媒体的证实，具备社交媒体谣言特征。
a thousand words in one picture. the police have been absolutely amazing today #sydneysiege http://t.co/w9Gt6rlYes,0,0,0.031044146046042442,【判定依据】：该文本整体语调客观平实，属于对突发事件进展的常规动态跟进通报，判定为非谣言。
"A Muslim,a Jew &amp; a Christian walk into a bar.Except it's an interfaith solidarity stand against bigotry in Sydney. ❤️ http://t.co/rp5jRN5uPp",0,0,0.0207370538264513,【判定依据】：该文本整体语调客观平实，属于对突发事件进展的常规动态跟进通报，判定为非谣言。
Their faces say it all. #Sydneysiege continues more&gt;http://t.co/6EAaEKw4n9 http://t.co/NkzVcf9mxv,0,0,0.2267441749572754,【判定依据】：该文本整体语调客观平实，属于对突发事件进展的常规动态跟进通报，判定为非谣言。
Thoughts are with you Sydney 😔,0,0,0.025232728570699692,【判定依据】：该文本整体语调客观平实，属于对突发事件进展的常规动态跟进通报，判定为非谣言。
Australians use #IllRideWithYou hashtag in solidarity with Muslims during Sydney siege http://t.co/5h3kWfwnyL,0,0,0.02008991874754429,【判定依据】：该文本整体语调客观平实，属于对突发事件进展的常规动态跟进通报，判定为非谣言。
If Sydney had been Texas 10 customers would have drawn guns the moment the ISIS terrorist walked in... #2A,0,1,0.5763610005378723,【判定依据】：该文本叙述口吻带有较强的主观色彩，包含未经权威事实支撑的断言，符合谣言的文本特征。
I just found this and never have I ever seen such a thing. Sending all my love and support to Sydney. #illridewithyou http://t.co/8zOBdjUYLs,0,0,0.00818344671279192,【判定依据】：该文本整体语调客观平实，属于对突发事件进展的常规动态跟进通报，判定为非谣言。
All my thoughts &amp; prayers are with the people of Sydney.,0,0,0.015269379131495953,【判定依据】：该文本整体语调客观平实，属于对突发事件进展的常规动态跟进通报，判定为非谣言。
Watch: Escaped hostages are helping police create 'peaceful outcome' for #Sydneysiege http://t.co/TzSlNsgTip http://t.co/0O3kEAf7Pt,0,1,0.8432089686393738,【判定依据】：该文本叙述口吻带有较强的主观色彩，包含未经权威事实支撑的断言，符合谣言的文本特征。
This is well written and comforting as well. #sydneysiege #SydneyHostageCrisis http://t.co/mdJvf6NEdf,0,0,0.012854419648647308,【判定依据】：该文本整体语调客观平实，属于对突发事件进展的常规动态跟进通报，判定为非谣言。
"Please, please, please read these tips for major news stories, especially when lives are at stake. #sydneysiege http://t.co/QgToJNV2b1",0,0,0.013114122673869133,【判定依据】：该文本整体语调客观平实，属于对突发事件进展的常规动态跟进通报，判定为非谣言。
A post of what we actually do know about the #Lindt Sydney siege. It is not very long. http://t.co/QLRHSjYdib,0,0,0.159065842628479,【判定依据】：该文本整体语调客观平实，属于对突发事件进展的常规动态跟进通报，判定为非谣言。
"To people taking selfies at #SydneySiege, When you return home, look at your selfie &amp; see what an unconscious, blithering idiot looks like.",0,0,0.012883417308330536,【判定依据】：该文本整体语调客观平实，属于对突发事件进展的常规动态跟进通报，判定为非谣言。
"""Sydney Siege: Australians Rally Against Islamophobia With #illridewithyou Hashtag"" http://t.co/kXBVRxOFID",0,0,0.011293673887848854,【判定依据】：该文本整体语调客观平实，属于对突发事件进展的常规动态跟进通报，判定为非谣言。
"DO NOT TWEET POLICE MOVEMENTS. Don't tweet photos of police, their faces, their location, anything. Seriously. It's simple #sydneysiege",0,0,0.01177511177957058,【判定依据】：该文本整体语调客观平实，属于对突发事件进展的常规动态跟进通报，判定为非谣言。
Sydney siege is over. More details to follow.,0,0,0.4394969642162323,【判定依据】：该文本整体语调客观平实，属于对突发事件进展的常规动态跟进通报，判定为非谣言。
To any American tweeting about how #sydneysiege could have been averted if we carried guns. No -- imagine how much worse it could have been.,0,0,0.012419093400239944,【判定依据】：该文本整体语调客观平实，属于对突发事件进展的常规动态跟进通报，判定为非谣言。
"At least 5 dead as gunman goes on rampage in PA, suspect reportedly barricaded in a home http://t.co/aCLslANGxu http://t.co/H4Mhm1cyOm",0,1,0.9487266540527344,【判定依据】：该文本叙述口吻带有较强的主观色彩，包含未经权威事实支撑的断言，符合谣言的文本特征。
The Lebanese Muslim Association has issued a statement condemning #sydneysiege and calling for calm. http://t.co/z2hCIBPaha,0,0,0.46145564317703247,【判定依据】：该文本整体语调客观平实，属于对突发事件进展的常规动态跟进通报，判定为非谣言。
Australian prime minister Tony Abbott to hold news conference live on Sky News at 1.30am GMT about ongoing Sydney hostage situation,0,1,0.8771995902061462,【判定依据】：该文本叙述口吻带有较强的主观色彩，包含未经权威事实支撑的断言，符合谣言的文本特征。
Subscribe to our #sydneysiege Twitter list for more updates: http://t.co/3eg2WK3wxu http://t.co/QhRxcGQNbM,0,0,0.0273639727383852,【判定依据】：该文本整体语调客观平实，属于对突发事件进展的常规动态跟进通报，判定为非谣言。
#IllRideWithYou: Australians show solidarity with Muslims amid the Sydney siege http://t.co/5hFgbIp2C3 http://t.co/czDCx7OdM4,0,0,0.013181980699300766,【判定依据】：该文本整体语调客观平实，属于对突发事件进展的常规动态跟进通报，判定为非谣言。
"hope they'll be safe. I'm at the opposite of the world but I'll pray for you, Sydney #illridewithyou #PrayForSydney http://t.co/VEcdVkGnRP",0,0,0.014645010232925415,【判定依据】：该文本整体语调客观平实，属于对突发事件进展的常规动态跟进通报，判定为非谣言。
you don't realise what a privilege it is to be sleeping comfortably in your own bed until such horrific things are happening #sydneysiege,0,0,0.01666640117764473,【判定依据】：该文本整体语调客观平实，属于对突发事件进展的常规动态跟进通报，判定为非谣言。
Video: The moment the police stormed the Sydney cafe. Police confirm the siege is now over. http://t.co/E7RSvVibiu http://t.co/u6dVtuoAUc,0,1,0.806332528591156,【判定依据】：该文本叙述口吻带有较强的主观色彩，包含未经权威事实支撑的断言，符合谣言的文本特征。
A radical Muslim wants to chop off your head.  A moderate Muslim wants a radical Muslim to chop off your head.  #sydneysiege,0,0,0.01200988981872797,【判定依据】：该文本整体语调客观平实，属于对突发事件进展的常规动态跟进通报，判定为非谣言。
"The man believed to be holding hostages in Sydney is Man Haron Monis, known as Sheikh Haron, source says http://t.co/6T7xVdcwdD",0,1,0.9228644371032715,【判定依据】：该文本叙述口吻带有较强的主观色彩，包含未经权威事实支撑的断言，符合谣言的文本特征。
"An argument breaks out in crowd watching #sydneysiege after one man goes on anti-Islamic rant. He's told ""Muslims are welcome here mate!""",0,0,0.4742187559604645,【判定依据】：该文本整体语调客观平实，属于对突发事件进展的常规动态跟进通报，判定为非谣言。
"""Profoundly shocking"" -Australia PM Tony Abbott delivers second  #sydneysiege statement. MORE: http://t.co/VaKt3ZpRZR http://t.co/I9VOzKLcET",0,1,0.8088274002075195,【判定依据】：该文本叙述口吻带有较强的主观色彩，包含未经权威事实支撑的断言，符合谣言的文本特征。
"Man what on Earth is going on in Sydney. Despicable. Life in prison no parole for the idiots responsible, set a hard line, no tolerance.",0,0,0.16718690097332,【判定依据】：该文本整体语调客观平实，属于对突发事件进展的常规动态跟进通报，判定为非谣言。
"My thoughts are with the hostages, their families and everyone in Sydney right now.",0,0,0.02303949184715748,【判定依据】：该文本整体语调客观平实，属于对突发事件进展的常规动态跟进通报，判定为非谣言。
"""You never see non-Muslims do things like this."" #SydneySiege http://t.co/nPxTMBmK11",0,0,0.01068578939884901,【判定依据】：该文本整体语调客观平实，属于对突发事件进展的常规动态跟进通报，判定为非谣言。
"hats off to you guys, you're awesome, faith in humanity restored  #sydneysiege #illridewithyou http://t.co/iazCcTca6H",0,0,0.028537223115563393,【判定依据】：该文本整体语调客观平实，属于对突发事件进展的常规动态跟进通报，判定为非谣言。
"What's happening in Sydney will happen in the uk it's inevitable, and our political leaders will have blood on their hands",0,0,0.019463403150439262,【判定依据】：该文本整体语调客观平实，属于对突发事件进展的常规动态跟进通报，判定为非谣言。
A Muslim lady took off her scarf out of fear after the Sydney Siege &amp; is comforted by strangers. #illridewithyou http://t.co/JJbPhn0YKh,0,0,0.10648288577795029,【判定依据】：该文本整体语调客观平实，属于对突发事件进展的常规动态跟进通报，判定为非谣言。
Suspected jihadist in #Sydney standoff ID'd as Iranian sex offender as ordeal enters 15th hour http://t.co/WrPVZSJHlX http://t.co/dJuzEHM1hX,0,0,0.13030791282653809,【判定依据】：该文本整体语调客观平实，属于对突发事件进展的常规动态跟进通报，判定为非谣言。
A female hostage stands by the front entrance of the cafe as she turns the lights off in Sydney. #sydneysiege http://t.co/qNfCMv9yZt,0,1,0.8877244591712952,【判定依据】：该文本叙述口吻带有较强的主观色彩，包含未经权威事实支撑的断言，符合谣言的文本特征。
Australia's reaction to the #sydneysiege is magnificent. #illridewithyou http://t.co/Lq0VjkWreY http://t.co/7k7o55TkYE,0,0,0.03240915760397911,【判定依据】：该文本整体语调客观平实，属于对突发事件进展的常规动态跟进通报，判定为非谣言。
"You can't condemn an entire race, nation or religion based on the actions of a few radicals, please keep that in mind #sydneysiege",0,0,0.009602732956409454,【判定依据】：该文本整体语调客观平实，属于对突发事件进展的常规动态跟进通报，判定为非谣言。
'Sick' people are actually taking selfies at the site of the #sydneysiege http://t.co/DebSinfhyH http://t.co/rHDxHczlWc,0,0,0.017686830833554268,【判定依据】：该文本整体语调客观平实，属于对突发事件进展的常规动态跟进通报，判定为非谣言。
I suggest all people planning on going to the city in Sydney on New Years Eve to not. It's too risky at this point! http://t.co/UgJq3mlFES,0,0,0.01863325946033001,【判定依据】：该文本整体语调客观平实，属于对突发事件进展的常规动态跟进通报，判定为非谣言。
We condemn the actions of the criminals at #martinsplace #sydneysiege   Islam is free from terrorism. Visit: http://t.co/fsBE3gEuYH,0,0,0.27481868863105774,【判定依据】：该文本整体语调客观平实，属于对突发事件进展的常规动态跟进通报，判定为非谣言。
"Sydney siege on all day, but we haven't seen any TV reporters hyperventilating, or using words like exclusive, breaking news. Lazy Aussies?",0,0,0.11315972357988358,【判定依据】：该文本整体语调客观平实，属于对突发事件进展的常规动态跟进通报，判定为非谣言。
"Man Haron Monis, named as the #sydneysiege gunman, may have a ""fetish for self-publicity"". http://t.co/UdkysqURCT http://t.co/vNDbnOkdt8",0,1,0.7098643779754639,【判定依据】：该文本叙述口吻带有较强的主观色彩，包含未经权威事实支撑的断言，符合谣言的文本特征。
Just in: U.S. Consulate near the scene in Sydney has accounted for all of its personnel: http://t.co/0h2F8SVCS2 @CNN http://t.co/UUiuFBi01A,0,0,0.09709785878658295,【判定依据】：该文本整体语调客观平实，属于对突发事件进展的常规动态跟进通报，判定为非谣言。
#SYDNEYSIEGE: Crowd gathers at police cordon in anticipation of news on hostage situation  http://t.co/2zFjvlPC1n http://t.co/YW5zGPMEWS,0,0,0.4835135340690613,【判定依据】：该文本整体语调客观平实，属于对突发事件进展的常规动态跟进通报，判定为非谣言。
Australian Muslim community releases statement in response to #sydneysiege. http://t.co/KE9UFxdXuD,0,0,0.23897399008274078,【判定依据】：该文本整体语调客观平实，属于对突发事件进展的常规动态跟进通报，判定为非谣言。
RT @mina_ysf: Religious leaders meet at Lakemba mosque in Sydney to pray for hostages  #sydneysiege http://t.co/D0nQRWwz5D,0,0,0.2855519652366638,【判定依据】：该文本整体语调客观平实，属于对突发事件进展的常规动态跟进通报，判定为非谣言。
"thinking of the people in Martin Place in Sydney right now, and for the police, etc having to deal with the situation. so terrifying",0,0,0.1173558458685875,【判定依据】：该文本整体语调客观平实，属于对突发事件进展的常规动态跟进通报，判定为非谣言。
BREAKING: Australian National Imams Council condemns Sydney siege http://t.co/qFdU4gHjAE,0,0,0.48321330547332764,【判定依据】：该文本整体语调客观平实，属于对突发事件进展的常规动态跟进通报，判定为非谣言。
Breaking News: Police Storm Sydney Cafe Where Hostages Are Held http://t.co/P3f2OV2Gmz,0,1,0.8630772829055786,【判定依据】：该文本使用了带有强烈突发暗示的词汇（如'BREAKING'），且缺乏正规媒体的证实，具备社交媒体谣言特征。
"Indians : OMG OMG. Can't believe this. God is Cruel. #sydneysiege  Today, Bomb Blast in Imphal. Indians: Where is Imphal?",0,0,0.23435726761817932,【判定依据】：该文本整体语调客观平实，属于对突发事件进展的常规动态跟进通报，判定为非谣言。
"“This is obviously a deeply concerning incident,” Australian Prime Minister says on unfolding situation in Sydney. http://t.co/02SVSxOrFt",0,0,0.38248059153556824,【判定依据】：该文本整体语调客观平实，属于对突发事件进展的常规动态跟进通报，判定为非谣言。
"Australian PM Abbott expected to speak soon on ""reported hostage-taking incident"" in Sydney, @9NewsAUS reports - @WorldNews",0,1,0.9129417538642883,【判定依据】：该文本叙述口吻带有较强的主观色彩，包含未经权威事实支撑的断言，符合谣言的文本特征。
NHL says date of rescheduled game TBD. NHL  ``wishes to express its sympathy and prayers to all affected by the tragic events in Ottawa'',1,1,0.831322968006134,【判定依据】：该文本叙述口吻带有较强的主观色彩，包含未经权威事实支撑的断言，符合谣言的文本特征。
"BREAKING NEWS: ONE SOLDIER HAS DIED AFTER OTTAWA SHOOTING, SUSPECT(S) STILL AT LARGE - http://t.co/lXFiYaVImZ",1,1,0.9876809120178223,【判定依据】：该文本使用了带有强烈突发暗示的词汇（如'BREAKING'），且缺乏正规媒体的证实，具备社交媒体谣言特征。
The NHL announces tonight's game between the #Leafs and #Sens in Ottawa has been postponed,1,1,0.9651294350624084,【判定依据】：该文本叙述口吻带有较强的主观色彩，包含未经权威事实支撑的断言，符合谣言的文本特征。
Ottawa police chief confirms that both gunman and soldier at war memorial are dead.,1,1,0.9840008020401001,【判定依据】：该文本叙述口吻带有较强的主观色彩，包含未经权威事实支撑的断言，符合谣言的文本特征。
"Police confirming a 3rd shooting at Rideau Center here in Ottawa, a popular shopping mall downtown - very tense in city #OttawaStrong",1,1,0.972821056842804,【判定依据】：该文本叙述口吻带有较强的主观色彩，包含未经权威事实支撑的断言，符合谣言的文本特征。
Ottawa Police report a third shooting incident at the Rideau Centre. No word on injuries.,1,1,0.9772782921791077,【判定依据】：该文本叙述口吻带有较强的主观色彩，包含未经权威事实支撑的断言，符合谣言的文本特征。
This afternoon we've lowered our flags to half mast in honour of the Canadian Reservist who lost his life in Ottawa. http://t.co/3oTF5sd2Lf,1,1,0.6504248976707458,【判定依据】：该文本叙述口吻带有较强的主观色彩，包含未经权威事实支撑的断言，符合谣言的文本特征。
RIP Cpl. Nathan Cirillo today's tragic events put all in perspective #OttawaShooting #HeroesInLife @CanadianForces http://t.co/B7ggJBbZvE,1,1,0.9825191497802734,【判定依据】：该文本叙述口吻带有较强的主观色彩，包含未经权威事实支撑的断言，符合谣言的文本特征。
Ottawa police: Actively looking for one or more suspects in Canadian parliament shooting. http://t.co/UQ4xo5jvhF,1,1,0.9351564645767212,【判定依据】：该文本叙述口吻带有较强的主观色彩，包含未经权威事实支撑的断言，符合谣言的文本特征。
CANADIAN OFFICIALS NOW CALLING TODAY'S PARLIAMENT SHOOTING A TERRORIST ATTACK - http://t.co/5VYMWGWyx3 http://t.co/jQn39E7hTA,1,1,0.8519703149795532,【判定依据】：该文本叙述口吻带有较强的主观色彩，包含未经权威事实支撑的断言，符合谣言的文本特征。
Here are the 3 locations of shootings in #Ottawa around Parliament Hill (GoofleEarth) From: @CNNJason http://t.co/DSyNgBC02U,1,0,0.4921111464500427,【判定依据】：该文本整体语调客观平实，属于对突发事件进展的常规动态跟进通报，判定为非谣言。
Witnesses say several dozen shots fired inside Parliament buildings after Canadian soldier shot at nearby War Memorial. #Ottawa #cdnpoli,1,1,0.979345440864563,【判定依据】：该文本叙述口吻带有较强的主观色彩，包含未经权威事实支撑的断言，符合谣言的文本特征。
Our thoughts and prayers go out to Nathan Cirillo who died today in Ottawa while protecting his country at age 24 http://t.co/PfwasSALPX,1,0,0.0922265350818634,【判定依据】：该文本整体语调客观平实，属于对突发事件进展的常规动态跟进通报，判定为非谣言。
Gun fire exchange in Parliament Hill building #Ottawa #parliament #shooting #Canada #BeSafeOttawa -https://t.co/9RDjNvVkJW via @martinvass2,1,0,0.2631860673427582,【判定依据】：该文本整体语调客观平实，属于对突发事件进展的常规动态跟进通报，判定为非谣言。
"Shots are fired outside Canadian parliament in Ottawa and a soldier is wounded, local media report http://t.co/Ygpjna1CRG",1,1,0.9839900732040405,【判定依据】：该文本叙述口吻带有较强的主观色彩，包含未经权威事实支撑的断言，符合谣言的文本特征。
Global News camera man reporting shots fired by Chateau Laurier hotel #ottawa,1,1,0.9631223678588867,【判定依据】：该文本叙述口吻带有较强的主观色彩，包含未经权威事实支撑的断言，符合谣言的文本特征。
"#BREAKING: Shooter is dead, according to sources on Parliament Hill",1,1,0.9858520030975342,【判定依据】：该文本使用了带有强烈突发暗示的词汇（如'BREAKING'），且缺乏正规媒体的证实，具备社交媒体谣言特征。
"Cpl. Nathan Cirillo identified as soldier shot, killed in Ottawa today, aunt says - @globeandmail http://t.co/oVrp10U6uG",1,1,0.9887003302574158,【判定依据】：该文本叙述口吻带有较强的主观色彩，包含未经权威事实支撑的断言，符合谣言的文本特征。
Ottawa police confirm 1 male shooting suspect died; no one in custody - @OttawaPolice http://t.co/9emMsGE1FZ,1,1,0.9520533680915833,【判定依据】：该文本叙述口吻带有较强的主观色彩，包含未经权威事实支撑的断言，符合谣言的文本特征。
Our thoughts are with the family and friends of Cpl. Nathan Cirillo and all those affected by the events in Ottawa today. #OttawaStrong,1,1,0.9454692602157593,【判定依据】：该文本叙述口吻带有较强的主观色彩，包含未经权威事实支撑的断言，符合谣言的文本特征。
"Hero. @affanchowdhry: Kevin Vickers, head of security in parliament, being credited for taking down shooter #Ottawa http://t.co/rVYetE0KYq""",1,1,0.9777706265449524,【判定依据】：该文本叙述口吻带有较强的主观色彩，包含未经权威事实支撑的断言，符合谣言的文本特征。
Ottawa shooting suspect named as Michael Zehaf-Bibeau – 2 U.S. sources tell ABC News.,1,1,0.9671304225921631,【判定依据】：该文本叙述口吻带有较强的主观色彩，包含未经权威事实支撑的断言，符合谣言的文本特征。
BREAKING UPDATE: Canadian soldier injured at Parliament Hill shooting dies http://t.co/Zp9AKplH9p  #Ottawa,1,1,0.9851881265640259,【判定依据】：该文本使用了带有强烈突发暗示的词汇（如'BREAKING'），且缺乏正规媒体的证实，具备社交媒体谣言特征。
DEVELOPING: #Canada officials identify dead gunman in Parliament shooting as Michael Zehaf-Bibeau. http://t.co/pfaAxISVyR,1,1,0.959575355052948,【判定依据】：该文本叙述口吻带有较强的主观色彩，包含未经权威事实支撑的断言，符合谣言的文本特征。
"Soldier shot, Parliament locked down after gunfire erupts at war memorial. Developing story: http://t.co/ULAKX3dYO1 http://t.co/o5P3RDYb8C",1,1,0.9711707830429077,【判定依据】：该文本叙述口吻带有较强的主观色彩，包含未经权威事实支撑的断言，符合谣言的文本特征。
Gut-wrenching to hear the soldier guarding our national war memorial has died. Rest in peace Cpl Nathan Cirillo #OttawaShooting #NeverForget,1,1,0.9767370223999023,【判定依据】：该文本叙述口吻带有较强的主观色彩，包含未经权威事实支撑的断言，符合谣言的文本特征。
"Harper to make statement today after gunman shot dead in #Parliament. PM safe, not on Parliament Hill, being briefed by security officials.",1,1,0.9575170874595642,【判定依据】：该文本叙述口吻带有较强的主观色彩，包含未经权威事实支撑的断言，符合谣言的文本特征。
Watch video showing gunfire inside Canada's parliament in Ottawa http://t.co/CJpXNAk8nS http://t.co/hxwr2NEr2K,1,1,0.9609993100166321,【判定依据】：该文本叙述口吻带有较强的主观色彩，包含未经权威事实支撑的断言，符合谣言的文本特征。
"Map of areas where Ottawa shootings were reported: National War Memorial, near the Rideau Centre and Parliament Hill. http://t.co/NcfNCR5VCV",1,1,0.8332406878471375,【判定依据】：该文本叙述口吻带有较强的主观色彩，包含未经权威事实支撑的断言，符合谣言的文本特征。
Rest in peace Cpl. Nathan Cirillo via @globeandmail #ottawashooting http://t.co/voEK2MZpfR http://t.co/sMpeSGv4HY,1,1,0.9854649901390076,【判定依据】：该文本叙述口吻带有较强的主观色彩，包含未经权威事实支撑的断言，符合谣言的文本特征。
"BREAKING NEWS: Suspected Ottawa gunman identified as Michael Joseph Hall, an #ISIS sympathizer. #OttawaShooting",1,1,0.9807906150817871,【判定依据】：该文本使用了带有强烈突发暗示的词汇（如'BREAKING'），且缺乏正规媒体的证实，具备社交媒体谣言特征。
"#RCMP to hold news conference on #Ottawa shootings at 2 pm ET, 11 am PT. Watch live coverage @ http://t.co/kngapKTSCe",1,1,0.9042609333992004,【判定依据】：该文本叙述口吻带有较强的主观色彩，包含未经权威事实支撑的断言，符合谣言的文本特征。
UPDATE: Ottawa police confirm gunman in Canada shooting shot and killed. Search on for possible additional gunmen. http://t.co/sV7ZH50tlf,1,1,0.9690847396850586,【判定依据】：该文本叙述口吻带有较强的主观色彩，包含未经权威事实支撑的断言，符合谣言的文本特征。
Ottawa Police won't say if there are still suspects at large; say it is still an active operation - live video http://t.co/aF9HyT9BgX,1,1,0.8367610573768616,【判定依据】：该文本叙述口吻带有较强的主观色彩，包含未经权威事实支撑的断言，符合谣言的文本特征。
Let #NathanCirillo be remembered like this.The part time soldier doing his job &amp; bringing a little happiness #Ottawa http://t.co/GPCfrq1uI3,1,1,0.8311989903450012,【判定依据】：该文本叙述口吻带有较强的主观色彩，包含未经权威事实支撑的断言，符合谣言的文本特征。
UPDATE: This morning’s shooting incidents occurred at the National War Memorial and on Parliament Hill.  Not Rideau Centre. #ottnews,1,1,0.9626040458679199,【判定依据】：该文本叙述口吻带有较强的主观色彩，包含未经权威事实支撑的断言，符合谣言的文本特征。
BREAKING: Two new patients coming to Ottawa hospital civic campus. One with gunshot wounds. Just confirmed #ottnews,1,1,0.9644409418106079,【判定依据】：该文本使用了带有强烈突发暗示的词汇（如'BREAKING'），且缺乏正规媒体的证实，具备社交媒体谣言特征。
The gunman in Ottawa has been shot and killed. I'm at a loss for words this morning. That isn't my Canada.,1,0,0.27309438586235046,【判定依据】：该文本整体语调客观平实，属于对突发事件进展的常规动态跟进通报，判定为非谣言。
Kevin Vickers hailed as hero who took down attacker at Parliament Hill: http://t.co/sG70iQtfSM #cbcOTT #OTTnews http://t.co/zuSOkiOzck,1,1,0.9898232817649841,【判定依据】：该文本叙述口吻带有较强的主观色彩，包含未经权威事实支撑的断言，符合谣言的文本特征。
"Ottawa shooting: Nathan Cirillo, reservist from Hamilton, killed in attack http://t.co/cUzepktlxx http://t.co/hqR6R0q9jl",1,1,0.984298825263977,【判定依据】：该文本叙述口吻带有较强的主观色彩，包含未经权威事实支撑的断言，符合谣言的文本特征。
Rest In Peace Corporal Nathan Cirillo.   #Respect  #Ottawa  #Canada  #tcot http://t.co/1mIBOBohd4,1,1,0.9835894107818604,【判定依据】：该文本叙述口吻带有较强的主观色彩，包含未经权威事实支撑的断言，符合谣言的文本特征。
Map of three #Ottawa locations where police say shots have been fired http://t.co/QrP5bauJcR http://t.co/nutT2VYvpD,1,1,0.9289997816085815,【判定依据】：该文本叙述口吻带有较强的主观色彩，包含未经权威事实支撑的断言，符合谣言的文本特征。
Some Leaf players say they heard shots this morning from the Tomb of the Unknown Soldier. Scary events in Ottawa,1,1,0.8022027015686035,【判定依据】：该文本叙述口吻带有较强的主观色彩，包含未经权威事实支撑的断言，符合谣言的文本特征。
RIP Corporal Nathan Cirillo Thank you for serving our country. Gone but never forgotten #OttawaShooting http://t.co/51dY4VTp2K,1,1,0.9803161025047302,【判定依据】：该文本叙述口吻带有较强的主观色彩，包含未经权威事实支撑的断言，符合谣言的文本特征。
.@pmharper and I have been speaking to some of our allies around the world. The PM will address the nation this evening. #OttawaShooting,1,0,0.0472869947552681,【判定依据】：该文本整体语调客观平实，属于对突发事件进展的常规动态跟进通报，判定为非谣言。
The soldier shot dead in Wednesday's Ottawa attacks has been named as Cpl. Nathan Cirillo of #HamOnt #ottawashooting http://t.co/MxLMptnlWw,1,1,0.9868940114974976,【判定依据】：该文本叙述口吻带有较强的主观色彩，包含未经权威事实支撑的断言，符合谣言的文本特征。
One shooting victim succumbed to injuries. He was a member of the Canadian Forces. Our thoughts and prayers are with him and his loved ones.,1,1,0.8252695202827454,【判定依据】：该文本叙述口吻带有较强的主观色彩，包含未经权威事实支撑的断言，符合谣言的文本特征。
"Kurdistan is with you Canada &amp; Israel, we are fighting ISIS right now. #TwitterKurds #Ottawa #Jerusalem #Kobane ISIL http://t.co/X8bW6SIeFD",0,0,0.060064543038606644,【判定依据】：该文本整体语调客观平实，属于对突发事件进展的常规动态跟进通报，判定为非谣言。
Ottawa youth: If you need to talk: 24/7 Crisis Line 613-260-2360 or 1-877-377-7775 (toll free for Eastern Ontario) crisis@ysb.on.ca,0,0,0.01299428939819336,【判定依据】：该文本整体语调客观平实，属于对突发事件进展的常规动态跟进通报，判定为非谣言。
VIDEO: Key moments in today's Parliament Hill shootings. http://t.co/kR1mIPoJJg http://t.co/6gYfgPTH7q,0,0,0.10540736466646194,【判定依据】：该文本整体语调客观平实，属于对突发事件进展的常规动态跟进通报，判定为非谣言。
"#Leafs Joffrey Lupul praises officers in Ottawa, as team remains in lock down http://t.co/OPooNxTsiv http://t.co/yBjIu2JaaP",0,1,0.6261618137359619,【判定依据】：该文本叙述口吻带有较强的主观色彩，包含未经权威事实支撑的断言，符合谣言的文本特征。
"Prayers for those in Ottawa, hope all is resolved soon...",0,0,0.0489376001060009,【判定依据】：该文本整体语调客观平实，属于对突发事件进展的常规动态跟进通报，判定为非谣言。
"What an awful day in Ottawa. Thoughts and prayers are with our @Senators family, the entire city of Ottawa and all of Canada.",0,0,0.012768873944878578,【判定依据】：该文本整体语调客观平实，属于对突发事件进展的常规动态跟进通报，判定为非谣言。
#BREAKING: Shooting reported at the War Memorial in Ottawa,0,1,0.97282874584198,【判定依据】：该文本使用了带有强烈突发暗示的词汇（如'BREAKING'），且缺乏正规媒体的证实，具备社交媒体谣言特征。
"Just hearing the news, thoughts today are back home with the citizens and dedicated public servants in Ottawa and across the country.",0,0,0.008886734955012798,【判定依据】：该文本整体语调客观平实，属于对突发事件进展的常规动态跟进通报，判定为非谣言。
Thinking about everyone in Ottawa right now. Please be careful and stay safe until the situation is under control.,0,0,0.010298676788806915,【判定依据】：该文本整体语调客观平实，属于对突发事件进展的常规动态跟进通报，判定为非谣言。
"Sad about #OttawaShooting. Worse, shooter might b guy who calls himself Muslim. Pls world dont judge 1.5 billion Muslims by some extremists.",0,0,0.3789432942867279,【判定依据】：该文本整体语调客观平实，属于对突发事件进展的常规动态跟进通报，判定为非谣言。
Shot from inside caucus room after shooting @ctvottawa #ottawashooting. http://t.co/JjEWpnbUW7,0,1,0.6571329832077026,【判定依据】：该文本叙述口吻带有较强的主观色彩，包含未经权威事实支撑的断言，符合谣言的文本特征。
Stay safe Ottawa...world is getting worse by the minute...like seriously society needs to figure it out #PrayForOttawa,0,0,0.012178170494735241,【判定依据】：该文本整体语调客观平实，属于对突发事件进展的常规动态跟进通报，判定为非谣言。
To those asking - yes I'm OK. Awful events here in Ottawa.,0,0,0.03656088933348656,【判定依据】：该文本整体语调客观平实，属于对突发事件进展的常规动态跟进通报，判定为非谣言。
"Atlantic #cadet programs cancelled, other cadets advised to not wear uniform but show up in business casual. #OttawaShooting",0,0,0.45742130279541016,【判定依据】：该文本整体语调客观平实，属于对突发事件进展的常规动态跟进通报，判定为非谣言。
"Harden, Howard again named best at position in 2014-15 NBA GM Survey. Story: http://t.co/rX94nO5V60 http://t.co/MXQayqVPlT",0,1,0.7010190486907959,【判定依据】：该文本叙述口吻带有较强的主观色彩，包含未经权威事实支撑的断言，符合谣言的文本特征。
Our thoughts and prayers are with those affected by the shootings in Ottawa. Stay safe! #PrayForOttawa,0,0,0.13151498138904572,【判定依据】：该文本整体语调客观平实，属于对突发事件进展的常规动态跟进通报，判定为非谣言。
"Easty for me to say from where I am, but what should happen, tomorrow or when this is over, is for people to assemble on Parliament HIll…",0,0,0.020844602957367897,【判定依据】：该文本整体语调客观平实，属于对突发事件进展的常规动态跟进通报，判定为非谣言。
Prayers to Ottawa. #PrayForOttawa http://t.co/HOaNBdifHf,0,0,0.027721446007490158,【判定依据】：该文本整体语调客观平实，属于对突发事件进展的常规动态跟进通报，判定为非谣言。
True north STRONG and free. Stay safe Ottawa. #PrayForOttawa #CanadaStrong 📕🍁📕 http://t.co/q5doY0TQ72,0,0,0.03673644736409187,【判定依据】：该文本整体语调客观平实，属于对突发事件进展的常规动态跟进通报，判定为非谣言。
Remembrance Day ceremony in Ottawa is emotional every year. Can't imagine what it will be like this year. The entire country may be there.,0,0,0.015139513649046421,【判定依据】：该文本整体语调客观平实，属于对突发事件进展的常规动态跟进通报，判定为非谣言。
BREAKING: Four Blackwater guards convicted of voluntary manslaughter in 2007 Baghdad shooting http://t.co/hR7xe18RJ2,0,1,0.8718118667602539,【判定依据】：该文本使用了带有强烈突发暗示的词汇（如'BREAKING'），且缺乏正规媒体的证实，具备社交媒体谣言特征。
"Thinking of Layton's words: ""Love is better than anger. Hope is better than fear. Optimism is better than despair."" #ottawashooting",0,0,0.05870921537280083,【判定依据】：该文本整体语调客观平实，属于对突发事件进展的常规动态跟进通报，判定为非谣言。
Our prayers go to victims of the #Ottawa shooting.,0,0,0.04409576579928398,【判定依据】：该文本整体语调客观平实，属于对突发事件进展的常规动态跟进通报，判定为非谣言。
Thoughts are with Ottawa today. What is happening is terrible.. #StaySafeOttawa,0,0,0.016311289742588997,【判定依据】：该文本整体语调客观平实，属于对突发事件进展的常规动态跟进通报，判定为非谣言。
MORE: Royal Canadian Mounted Police warned people in downtown Ottawa to stay away from windows and rooftops: http://t.co/CMjaq7scJt,0,0,0.02834451198577881,【判定依据】：该文本整体语调客观平实，属于对突发事件进展的常规动态跟进通报，判定为非谣言。
After today we will officially be done shooting for the #SurrenderMusicVideo !! It's looking AMAZING so far btw! #cantwait,0,0,0.17904454469680786,【判定依据】：该文本中包含了确凿的陈述词汇，表达方式相对克制中立，多为对已知官方事实的客观转述。
"If your first response to the #ottawashooting is to make a political point, your humanity is sadly and sorely lacking.",0,0,0.025295769795775414,【判定依据】：该文本整体语调客观平实，属于对突发事件进展的常规动态跟进通报，判定为非谣言。
[Episode] #BTS 'War of Hormone' MV &amp; Concept Photo shooting (with Eng sub.) (http://t.co/EwS342rpl8)  #호르몬전쟁 #Hello_hello,0,0,0.012110798619687557,【判定依据】：该文本整体语调客观平实，属于对突发事件进展的常规动态跟进通报，判定为非谣言。
I'm appalled by today's attack in Ottawa. I offer my full support to @pmharper and the Canadian people as they deal with this incident.,0,0,0.13777339458465576,【判定依据】：该文本整体语调客观平实，属于对突发事件进展的常规动态跟进通报，判定为非谣言。
Parliament Hill is never going to be the same.,0,0,0.055398520082235336,【判定依据】：该文本整体语调客观平实，属于对突发事件进展的常规动态跟进通报，判定为非谣言。
"Coverage of the Ottawa shooting, in one very revealing screenshot http://t.co/CE8bvaKO8F http://t.co/GqOHyg0tUD",0,0,0.10004784166812897,【判定依据】：该文本整体语调客观平实，属于对突发事件进展的常规动态跟进通报，判定为非谣言。
"Simply shocked at what's unfolding in Canada's capital. Thinking of you, Ottawa.",0,0,0.010969939641654491,【判定依据】：该文本整体语调客观平实，属于对突发事件进展的常规动态跟进通报，判定为非谣言。
RAW VIDEO War Memorial shooting. http://t.co/c9wCpS2Af9 #cbcnews,0,1,0.5430799126625061,【判定依据】：该文本叙述口吻带有较强的主观色彩，包含未经权威事实支撑的断言，符合谣言的文本特征。
"Anyone with photos or videos from today's shootings, send to @RCMP_Nat_Div at this link http://t.co/srCYMTL2tX #ottawa",0,0,0.010877484455704689,【判定依据】：该文本整体语调客观平实，属于对突发事件进展的常规动态跟进通报，判定为非谣言。
Alert thru press gallery email: RCMP advises if u r in downtown Ottawa to stay away from windows &amp; off roofs due to ongoing police incident,0,0,0.015418846160173416,【判定依据】：该文本整体语调客观平实，属于对突发事件进展的常规动态跟进通报，判定为非谣言。
Public servants being asked to stay inside their buildings as the active shooter investigation continues in Ottawa. #cbcOTT# OTTnews,0,0,0.25527191162109375,【判定依据】：该文本整体语调客观平实，属于对突发事件进展的常规动态跟进通报，判定为非谣言。
Image from @kellyhobson shows police running to search buildings in downtown Ottawa. http://t.co/lLtW5skkJe,0,0,0.2966006398200989,【判定依据】：该文本整体语调客观平实，属于对突发事件进展的常规动态跟进通报，判定为非谣言。
JUST IN: White House official: Pres. Obama has been briefed on shooting incidents in Canadian capital - @marykbruce,0,0,0.013920949772000313,【判定依据】：该文本中包含了确凿的陈述词汇，表达方式相对克制中立，多为对已知官方事实的客观转述。
Our thoughts are with our friends in Ottawa. Stay safe everyone.,0,0,0.007929871790111065,【判定依据】：该文本整体语调客观平实，属于对突发事件进展的常规动态跟进通报，判定为非谣言。
"UPDATE: #uOttawa courses + exams officially cancelled for the whole day. Lockdown still in effect. Stay indoors, stay safe #Ottawa #ottcity",0,0,0.4243059456348419,【判定依据】：该文本中包含了确凿的陈述词汇，表达方式相对克制中立，多为对已知官方事实的客观转述。
Doors barricaded RT @grahamctv: Shot from inside caucus room after shooting @ctvottawa #ottawashooting. http://t.co/OpERH3GiMu,0,0,0.3224635422229767,【判定依据】：该文本整体语调客观平实，属于对突发事件进展的常规动态跟进通报，判定为非谣言。
Hearts and prayers go out to everyone affected by the shootings in Ottawa today.,0,0,0.050255563110113144,【判定依据】：该文本整体语调客观平实，属于对突发事件进展的常规动态跟进通报，判定为非谣言。
According to psychiatric evaluation #Gurlitt not mentally fit to write will bequeathing paintings to museum http://t.co/EF3WSuyVPT,1,0,0.33338361978530884,【判定依据】：关于古利特（Gurlitt）艺术品收藏事件的报道整体语调客观平实，属于对突发事件进展的常规动态跟进通报，判定为非谣言。
#Gurlitt Bern museum accepts controversial art hoard - SWI swissinfo.ch http://t.co/B0udLwiK1J @swisscenter @fteuscher,1,0,0.256049782037735,【判定依据】：关于古利特（Gurlitt）艺术品收藏事件的报道中包含了确凿的陈述词汇，表达方式相对克制中立，多为对已知官方事实的客观转述。
"Swiss museum close to accepting #Gurlitt bequest, returning any #Nazi-looted pieces http://t.co/eCo07tfpkF via @WSJ",1,1,0.6346402764320374,【判定依据】：关于古利特（Gurlitt）艺术品收藏事件的报道叙述口吻带有较强的主观色彩，包含未经权威事实支撑的断言，符合谣言的文本特征。
.@fastFT: Swiss museum accepts Gurlitt art bequest http://t.co/0U8i5scqWb,1,1,0.6502781510353088,【判定依据】：关于古利特（Gurlitt）艺术品收藏事件的报道叙述口吻带有较强的主观色彩，包含未经权威事实支撑的断言，符合谣言的文本特征。
Gurlitt collection accepted by Kunstmuseum Bern @artnet http://t.co/d2n5Im5qWs,1,1,0.5841404795646667,【判定依据】：关于古利特（Gurlitt）艺术品收藏事件的报道叙述口吻带有较强的主观色彩，包含未经权威事实支撑的断言，符合谣言的文本特征。
Swiss museum will accept Gurlitt art trove http://t.co/PJVU6DJXTW,1,1,0.7666359543800354,【判定依据】：关于古利特（Gurlitt）艺术品收藏事件的报道叙述口吻带有较强的主观色彩，包含未经权威事实支撑的断言，符合谣言的文本特征。
GMLive: ArtsBeat: Cousin of Cornelius Gurlitt Challenges Will That Leaves Collection to Swiss Museum: A cousin... http://t.co/7jogktByJU,0,0,0.017750734463334084,【判定依据】：关于古利特（Gurlitt）艺术品收藏事件的报道整体语调客观平实，属于对突发事件进展的常规动态跟进通报，判定为非谣言。
Last-minute lawsuit filed by relative of Cornelius Gurlitt over Nazi-era art hoard http://t.co/cWPAxyaCB2 Pls RT @ Seb_Kirby,0,0,0.06740134954452515,【判定依据】：关于古利特（Gurlitt）艺术品收藏事件的报道整体语调客观平实，属于对突发事件进展的常规动态跟进通报，判定为非谣言。
Former top judge thinks #Nazi-stolen art 'belongs in a museum' #indianajones #Gurlitt #Germany http://t.co/kqyjtGun9r http://t.co/xNxGpg7RAQ,0,0,0.2528897821903229,【判定依据】：关于古利特（Gurlitt）艺术品收藏事件的报道整体语调客观平实，属于对突发事件进展的常规动态跟进通报，判定为非谣言。
"Swiss museum, German officials to announce fate of  #Gurlitt art collection at 11CET. http://t.co/7NlXiG4hcz",0,1,0.6784915328025818,【判定依据】：关于古利特（Gurlitt）艺术品收藏事件的报道叙述口吻带有较强的主观色彩，包含未经权威事实支撑的断言，符合谣言的文本特征。
"Berlin, Munich and Kunstmuseum Bern have signed an agreement on the management of Gurlitt's estate.",0,0,0.17297877371311188,【判定依据】：关于古利特（Gurlitt）艺术品收藏事件的报道整体语调客观平实，属于对突发事件进展的常规动态跟进通报，判定为非谣言。
Gurlitt press release concludes. Many questions being raised by attendees on state of task force investigation and limbo nazi loot objects.,0,0,0.024091023951768875,【判定依据】：关于古利特（Gurlitt）艺术品收藏事件的报道整体语调客观平实，属于对突发事件进展的常规动态跟进通报，判定为非谣言。
Gurlitt’s Museum Bequest Is Challenged http://t.co/I8chboixpD,0,0,0.33464106917381287,【判定依据】：关于古利特（Gurlitt）艺术品收藏事件的报道整体语调客观平实，属于对突发事件进展的常规动态跟进通报，判定为非谣言。
Americans are 8 times more likely to be killed by a police officer than by a terrorist. #Ferguson,1,0,0.4482111632823944,【判定依据】：针对弗格森（Ferguson）枪击案的相关推文整体语调客观平实，属于对突发事件进展的常规动态跟进通报，判定为非谣言。
"Witness to #Ferguson shooting atty confirms Brown took cigars from store.  Client told FBI he ""did take cigarillos"" http://t.co/j9BARBU0c7",1,1,0.9247480630874634,【判定依据】：针对弗格森（Ferguson）枪击案的相关推文叙述口吻带有较强的主观色彩，包含未经权威事实支撑的断言，符合谣言的文本特征。
